Date,Open,High,Low,Close,close2,Volume
2014-09-05,41.860001,41.860001,41.610001,41.84,35.57,12768100
2014-09-08,41.669998,41.939999,41.630001,41.779999,35.52,9097700
2014-09-09,41.77,42.029999,41.75,41.939999,35.65,11892500
2014-09-10,41.900002,42.189999,41.830002,42.169998,35.85,17558000
2014-09-11,41.68,42.060001,41.66,41.950001,35.92,19614000
2014-09-12,41.900002,41.919998,41.360001,41.459999,35.5,12966800
2014-09-15,41.450001,41.580002,41.330002,41.5,35.54,12259600
2014-09-16,41.290001,41.799999,41.18,41.639999,35.66,15232800
2014-09-17,41.77,41.779999,41.32,41.610001,35.63,16693800
2014-09-18,41.75,41.880001,41.549999,41.790001,35.78,12586400
2014-09-19,41.98,42.349998,41.75,42.049999,36.01,47559700
2014-09-22,41.849998,42.25,41.73,42.220001,36.15,11518100
2014-09-23,42,42.16,41.880001,41.889999,35.87,10251300
2014-09-24,41.849998,42.34,41.849998,42.27,36.2,13540900
2014-09-25,42.060001,42.169998,41.77,41.779999,35.78,11076300
2014-09-26,42,42.25,41.709999,42.200001,36.14,9939600
2014-09-29,41.900002,42.259998,41.880001,42.25,36.18,12441100
2014-09-30,42.099998,42.810001,42.080002,42.66,36.53,22613700
2014-10-01,42.549999,42.849998,42.369999,42.740002,36.6,30409700
2014-10-02,42.599998,42.779999,42.419998,42.66,36.53,16643200
2014-10-03,42.860001,43.07,42.66,43,36.82,14046300
2014-10-06,43.029999,43.68,42.970001,43.599998,37.33,20328100
2014-10-07,43.48,44.139999,43.48,43.919998,37.61,24936600
2014-10-08,43.580002,44.560001,43.509998,44.549999,38.15,26115600
2014-10-09,44.439999,44.75,43.869999,43.869999,37.57,25029300
2014-10-10,43.880001,44.869999,43.849998,44.470001,38.08,25920800
2014-10-13,44.279999,44.630001,44.029999,44.07,37.74,20175200
2014-10-14,44.040001,44.119999,43.470001,43.639999,37.37,21027400
2014-10-15,42.700001,43.529999,42.700001,43.23,37.02,22988600
2014-10-16,42.650002,42.939999,42.380001,42.560001,36.44,22519200
2014-10-17,42.689999,43.029999,42.310001,42.880001,36.72,23236000
2014-10-20,42.75,43.470001,42.709999,43.290001,37.07,17647800
2014-10-21,40.799999,41.189999,40.259998,40.68,34.83,55953500
2014-10-22,40.189999,41.110001,40.099998,40.619999,34.78,27728200
2014-10-23,40.939999,41.380001,40.740002,40.860001,34.99,23346800
2014-10-24,40.98,41.27,40.919998,41.029999,35.13,13396000
2014-10-27,40.700001,40.91,40.560001,40.759998,34.9,17222500
2014-10-28,40.759998,40.860001,40.509998,40.560001,34.73,18658700
2014-10-29,40.650002,41.029999,40.52,40.959999,35.07,25761800
2014-10-30,41,41.59,40.830002,41.400002,35.45,18295600
2014-10-31,41.830002,41.889999,41.400002,41.880001,35.86,18477700
2014-11-03,41.790001,42.279999,41.59,41.810001,35.8,13230600
2014-11-04,41.77,42.049999,41.66,41.82,35.81,10105300
2014-11-05,42.299999,42.540001,41.990002,42.310001,36.23,20676800
2014-11-06,42.43,42.619999,42.110001,42.290001,36.21,11528800
2014-11-07,42.450001,42.459999,42.139999,42.32,36.24,11803800
2014-11-10,42.25,42.57,42.09,42.389999,36.3,9088900
2014-11-11,42.380001,42.709999,42.360001,42.509998,36.4,8563700
2014-11-12,42.509998,42.889999,42.310001,42.709999,36.57,12768800
2014-11-13,42.650002,43.080002,42.630001,42.790001,36.64,12007700
2014-11-14,42.700001,42.970001,42.5,42.73,36.59,10939500
2014-11-17,42.75,42.990002,42.73,42.919998,36.75,10664000
2014-11-18,42.950001,43.860001,42.75,43.529999,37.27,26143000
2014-11-19,43.669998,44.43,43.560001,44.220001,37.87,25402300
2014-11-20,43.959999,44.419998,43.849998,44.25,37.89,13465400
2014-11-21,44.580002,44.740002,44.279999,44.5,38.11,14382700
2014-11-24,44.509998,44.779999,44.200001,44.27,37.91,12890800
2014-11-25,44.27,44.59,44.119999,44.43,38.05,10741700
2014-11-26,43.990002,44.369999,43.970001,44.290001,38.19,9199200
2014-11-28,44.150002,45,44.150002,44.830002,38.65,10502000
2014-12-01,44.18,44.77,44.130001,44.549999,38.41,10065700
2014-12-02,44.369999,44.669998,44.23,44.540001,38.4,9878100
2014-12-03,44.419998,44.439999,43.759998,43.799999,37.76,15246500
2014-12-04,43.619999,43.84,43.369999,43.5,37.51,13779700
2014-12-05,43.5,43.610001,43.200001,43.529999,37.53,12536900
2014-12-08,43.509998,43.630001,43.09,43.139999,37.2,12802300
2014-12-09,42.150002,42.529999,41.669998,42.040001,36.25,25714600
2014-12-10,42.040001,42.240002,41.560001,41.599998,35.87,18324100
2014-12-11,41.619999,42.009998,41.5,41.529999,35.81,16201500
2014-12-12,41.389999,41.610001,40.869999,40.91,35.27,18432400
2014-12-15,41.130001,41.18,40.560001,40.57,34.98,23378500
2014-12-16,40.200001,41.310001,39.799999,40.389999,34.82,23475400
2014-12-17,40.439999,41.759998,40.380001,41.549999,35.82,20223900
2014-12-18,41.860001,42.389999,41.75,42.389999,36.55,18030700
2014-12-19,42.439999,42.790001,41.889999,41.950001,36.17,24009500
2014-12-22,42.139999,42.439999,42.09,42.349998,36.51,11190900
2014-12-23,42.540001,43.139999,42.470001,42.970001,37.05,13411300
2014-12-24,43.099998,43.23,42.919998,42.939999,37.02,6405900
2014-12-26,42.970001,43.299999,42.93,42.959999,37.04,6466900
2014-12-29,42.799999,43.060001,42.490002,42.860001,36.95,8694500
2014-12-30,42.740002,42.990002,42.650002,42.759998,36.87,9222000
2014-12-31,42.919998,42.939999,42.220001,42.220001,36.4,9369500
2015-01-02,42.259998,42.400002,41.799999,42.139999,36.33,9921100
2015-01-05,42.689999,42.970001,42.080002,42.139999,36.33,26292600
2015-01-06,42.41,42.939999,42.240002,42.459999,36.61,16897500
2015-01-07,42.799999,43.110001,42.580002,42.990002,37.07,13412300
2015-01-08,43.18,43.57,43.099998,43.509998,37.51,21743600
2015-01-09,43.470001,43.560001,42.950001,43.029999,37.1,12733500
2015-01-12,43.07,43.200001,42.459999,42.639999,36.76,11415800
2015-01-13,42.830002,43.240002,42.450001,42.630001,36.76,12529500
2015-01-14,42.080002,42.599998,42.07,42.560001,36.7,13447600
2015-01-15,42.830002,42.860001,42.169998,42.380001,36.54,11193100
2015-01-16,42.360001,42.59,42.240002,42.529999,36.67,15114900
2015-01-20,42.700001,43.330002,42.610001,43.16,37.21,17047300
2015-01-21,42.889999,43.43,42.759998,43.360001,37.39,10720600
2015-01-22,43.369999,43.830002,43.07,43.779999,37.75,14709100
2015-01-23,43.599998,43.75,43.18,43.310001,37.34,12357700
2015-01-26,43.18,43.23,42.830002,43,37.08,11151900
2015-01-27,42.540001,42.639999,42.150002,42.389999,36.55,15274000
2015-01-28,42.59,42.799999,41.900002,41.919998,36.14,14278500
2015-01-29,41.77,42.150002,41.470001,42.099998,36.3,13657900
2015-01-30,41.830002,41.93,41.110001,41.169998,35.5,19193700
2015-02-02,41.209999,41.630001,40.900002,41.59,35.86,15197500
2015-02-03,41.75,41.849998,41.369999,41.630001,35.89,13193100
2015-02-04,41.77,42.09,41.619999,41.68,35.94,16400000
2015-02-05,41.799999,41.82,41.509998,41.790001,36.03,11078500
2015-02-06,41.630001,41.759998,41.32,41.450001,35.74,12366400
2015-02-09,41.380001,41.450001,41.040001,41.23,35.55,13371100
2015-02-10,42.91,43.029999,42.200001,42.400002,36.56,32184200
2015-02-11,42.099998,42.490002,41.700001,42.369999,36.53,20496300
2015-02-12,42.400002,42.66,42.07,42.169998,36.36,13818200
2015-02-13,42.02,42.23,41.759998,41.990002,36.2,10792100
2015-02-17,41.810001,41.880001,41.639999,41.810001,36.05,12804200
2015-02-18,41.75,41.799999,41.470001,41.73,35.98,9789800
2015-02-19,41.68,42.240002,41.529999,42.110001,36.31,16578300
2015-02-20,42.040001,42.110001,41.639999,41.970001,36.19,15982400
2015-02-23,41.709999,42.169998,41.689999,41.849998,36.08,11830300
2015-02-24,41.849998,42.330002,41.77,42.130001,36.33,12782700
2015-02-25,42.169998,42.240002,41.740002,42.049999,36.26,10323300
2015-02-26,42.040001,42.549999,41.970001,42.459999,36.61,14346500
2015-02-27,42.52,43.66,42.470001,43.299999,37.33,28312800
2015-03-02,43.299999,43.299999,43.080002,43.200001,37.25,13514600
2015-03-03,43.110001,43.16,42.84,42.950001,37.03,10036300
2015-03-04,42.919998,42.98,42.470001,42.5,36.64,16263000
2015-03-05,42.560001,42.610001,42.25,42.400002,36.56,9223000
2015-03-06,42.119999,42.200001,41.330002,41.52,35.8,18180500
2015-03-09,41.529999,41.549999,41.32,41.389999,35.69,10123300
2015-03-10,41.099998,41.150002,40.68,40.689999,35.08,14599100
2015-03-11,40.73,40.73,40.080002,40.099998,34.57,18549700
2015-03-12,40.099998,40.57,40.02,40.57,35.27,17728700
2015-03-13,40.439999,40.57,39.610001,39.91,34.7,17438400
2015-03-16,40,40.349998,39.990002,40.290001,35.03,15238800
2015-03-17,40.669998,40.73,40.32,40.509998,35.22,21661800
2015-03-18,40.48,40.790001,39.799999,40.599998,35.3,26247500
2015-03-19,40.48,40.52,39.959999,40.02,34.79,16057600
2015-03-20,40.07,40.66,40.009998,40.650002,35.34,31608500
2015-03-23,40.639999,40.939999,40.5,40.619999,35.31,17060500
2015-03-24,40.91,40.990002,40.470001,40.470001,35.18,13485700
2015-03-25,40.59,40.700001,40.240002,40.450001,35.17,22811300
2015-03-26,40.34,40.560001,40.23,40.349998,35.08,17359600
2015-03-27,40.48,40.48,39.970001,40.080002,34.84,14384400
2015-03-30,40.110001,40.610001,39.939999,40.509998,35.22,12561400
2015-03-31,40.509998,40.900002,40.349998,40.549999,35.25,16604800
2015-04-01,40.790001,40.810001,40.23,40.68,35.37,14300700
2015-04-02,40.73,40.869999,40.48,40.68,35.37,14343100
2015-04-06,40.77,41.610001,40.59,41.169998,35.79,19843400
2015-04-07,41.049999,41.369999,40.970001,41.009998,35.65,9773400
2015-04-08,40.98,41.09,40.740002,40.889999,35.55,8954700
2015-04-09,40.799999,41.080002,40.630001,41.049999,35.69,12710900
2015-04-10,41.09,41.16,40.849998,40.880001,35.54,8720000
2015-04-13,40.970001,40.970001,40.700001,40.700001,35.38,9616300
2015-04-14,40.59,40.650002,40.32,40.509998,35.22,11209700
2015-04-15,40.59,40.810001,40.32,40.400002,35.12,11189100
2015-04-16,40.41,40.860001,40.299999,40.599998,35.3,13121000
2015-04-17,40.470001,40.66,40.099998,40.299999,35.04,15330300
2015-04-20,40.419998,40.900002,40.41,40.66,35.35,13023700
2015-04-21,40.669998,40.990002,40.540001,40.779999,35.45,19673100
2015-04-22,41.560001,41.57,41.07,41.310001,35.91,26887200
2015-04-23,41.23,41.41,40.919998,40.950001,35.6,17408800
2015-04-24,41.040001,41.119999,40.810001,40.889999,35.55,11623300
2015-04-27,41,41.150002,40.779999,40.830002,35.5,10044600
2015-04-28,40.950001,40.970001,40.599998,40.77,35.44,12174800
2015-04-29,40.66,40.75,40.400002,40.490002,35.2,11371400
2015-04-30,40.400002,40.580002,40.279999,40.560001,35.26,12700800
2015-05-01,40.580002,40.93,40.5,40.91,35.57,10848300
2015-05-04,40.880001,41.099998,40.77,40.959999,35.61,10204800
2015-05-05,41.139999,41.139999,40.68,40.75,35.43,11721300
2015-05-06,41.040001,41.09,40.389999,40.66,35.35,11906900
2015-05-07,40.529999,40.91,40.509998,40.700001,35.38,13834700
2015-05-08,41,41.169998,40.849998,40.98,35.63,11144400
2015-05-11,40.98,41.389999,40.880001,40.939999,35.59,10113500
2015-05-12,40.77,40.959999,40.52,40.689999,35.37,12384500
2015-05-13,40.75,41.360001,40.720001,41.049999,35.69,13183700
2015-05-14,41.299999,41.599998,41.259998,41.5,36.08,9961000
2015-05-15,41.450001,41.689999,41.43,41.52,36.1,8479000
2015-05-18,41.490002,41.490002,41.25,41.32,35.92,11511700
2015-05-19,41.23,41.389999,41.130001,41.310001,35.91,9072000
2015-05-20,41.369999,41.59,41.310001,41.349998,35.95,10965200
2015-05-21,41.259998,41.32,41.07,41.23,35.84,9270900
2015-05-22,41.119999,41.240002,41.040001,41.209999,35.83,11909500
2015-05-26,41.119999,41.18,40.740002,40.990002,35.64,15194300
2015-05-27,40.939999,41.200001,40.830002,41.119999,35.75,9863100
2015-05-28,41.200001,41.299999,40.880001,41.139999,35.77,9395200
2015-05-29,41.18,41.18,40.77,40.959999,35.61,19628600
2015-06-01,41.360001,41.41,40.880001,40.939999,35.59,12684100
2015-06-02,40.84,41.16,40.68,40.990002,35.64,11878600
2015-06-03,41.099998,41.209999,40.779999,40.869999,35.53,8153800
2015-06-04,40.709999,40.98,40.529999,40.59,35.29,10145800
2015-06-05,40.48,40.52,40.080002,40.099998,34.86,15975600
2015-06-08,40.099998,40.259998,40.02,40.16,34.91,14339300
2015-06-09,40.169998,40.419998,40.110001,40.200001,34.95,10772700
2015-06-10,40.32,40.540001,40.279999,40.330002,35.06,11979900
2015-06-11,40.110001,40.25,40.029999,40.099998,35.15,11944900
2015-06-12,40.040001,40.119999,39.84,39.959999,35.03,15568600
2015-06-15,39.830002,39.860001,39.57,39.59,34.7,11364800
2015-06-16,39.630001,40.16,39.599998,40.080002,35.13,12517400
2015-06-17,40.080002,40.32,40.009998,40.27,35.3,13898400
2015-06-18,40.16,40.740002,40.16,40.650002,35.63,16314600
2015-06-19,40.59,40.650002,40.400002,40.400002,35.41,23550600
2015-06-22,40.509998,40.810001,40.459999,40.48,35.48,8775900
2015-06-23,40.43,40.52,40.310001,40.380001,35.39,11094900
2015-06-24,40.369999,40.450001,40.189999,40.189999,35.23,10385100
2015-06-25,40.279999,40.34,40.02,40.02,35.08,10607600
2015-06-26,40.099998,40.349998,40,40,35.06,16215600
2015-06-29,39.799999,39.98,39.400002,39.400002,34.54,15500800
2015-06-30,39.610001,39.610001,39.119999,39.23,34.39,14621300
2015-07-01,39.380001,39.599998,39.279999,39.5,34.62,11177400
2015-07-02,39.630001,39.810001,39.349998,39.490002,34.61,8975900
2015-07-06,39.32,39.599998,39.220001,39.419998,34.55,10252600
2015-07-07,39.490002,40.380001,39.400002,40.25,35.28,20335000
2015-07-08,39.990002,40.23,39.84,39.860001,34.94,11383700
2015-07-09,40.459999,40.580002,39.900002,39.919998,34.99,13392000
2015-07-10,40.27,40.52,40.16,40.389999,35.4,13360400
2015-07-13,40.560001,40.77,40.490002,40.66,35.64,9854200
2015-07-14,40.900002,41.259998,40.84,41.169998,36.09,19531000
2015-07-15,41.150002,41.360001,41.099998,41.130001,36.05,11252100
2015-07-16,41.419998,41.599998,41.349998,41.48,36.36,10483700
2015-07-17,41.310001,41.32,41.049999,41.25,36.16,9608300
2015-07-20,41.349998,41.540001,41.220001,41.380001,36.27,10024200
2015-07-21,41.380001,41.52,41.099998,41.189999,36.1,13653800
2015-07-22,40.810001,41.59,40.59,40.900002,35.85,15528600
2015-07-23,40.990002,41.02,40.48,40.84,35.8,13522200
2015-07-24,40.759998,40.830002,40.41,40.439999,35.45,10912500
2015-07-27,40.279999,40.580002,40.16,40.540001,35.53,10945700
2015-07-28,40.650002,40.73,40.439999,40.549999,35.54,11021800
2015-07-29,40.529999,40.709999,40.490002,40.59,35.58,8479900
2015-07-30,40.549999,40.75,40.389999,40.560001,35.55,9095500
2015-07-31,40.880001,41.220001,40.77,41.080002,36.01,15309500
2015-08-03,40.849998,41.549999,40.84,41.540001,36.41,14672600
2015-08-04,41.509998,41.869999,41.34,41.849998,36.68,17559900
2015-08-05,41.919998,42.220001,41.82,42.119999,36.92,15329200
2015-08-06,42,42.25,41.860001,41.919998,36.74,11378900
2015-08-07,41.810001,41.970001,41.529999,41.77,36.61,10886700
2015-08-10,41.889999,41.990002,41.580002,41.68,36.53,9501900
2015-08-11,41.400002,41.57,41.169998,41.48,36.36,11254900
2015-08-12,41.130001,41.259998,40.849998,41.259998,36.17,9602200
2015-08-13,41.279999,41.380001,41.009998,41.099998,36.03,10270900
2015-08-14,41.009998,41.25,40.959999,41.25,36.16,9904800
2015-08-17,41.029999,41.450001,40.970001,41.349998,36.24,8272800
2015-08-18,41.279999,41.529999,41.189999,41.299999,36.2,11199400
2015-08-19,41.139999,41.240002,40.779999,40.779999,35.75,15796500
2015-08-20,40.52,40.82,40.419998,40.549999,35.54,14218000
2015-08-21,40.16,40.470001,39.509998,39.529999,34.65,28036200
2015-08-24,37.990002,38.939999,36.560001,38.380001,33.64,44065300
2015-08-25,39.130001,39.279999,37.93,37.990002,33.3,31363700
2015-08-26,38.75,38.830002,37.889999,38.73,33.95,23523300
2015-08-27,39.060001,39.380001,38.599998,39.27,34.42,18871600
2015-08-28,39.110001,39.470001,39.049999,39.450001,34.58,14503900
2015-08-31,39.150002,39.450001,39.060001,39.32,34.47,12673300
2015-09-01,38.669998,39.029999,38.540001,38.75,33.97,23703200
2015-09-02,39.029999,39.07,38.560001,38.900002,34.1,14054800
2015-09-03,38.900002,39.34,38.84,39.16,34.33,13311600
2015-09-04,38.68,38.790001,38.380001,38.52,33.76,15450500
2015-09-08,38.869999,39.029999,38.599998,38.900002,34.1,15273900
2015-09-09,39.119999,39.209999,38.200001,38.299999,33.57,13764600
2015-09-10,38.310001,38.650002,38.25,38.419998,33.68,14952500
2015-09-11,38.009998,38.189999,37.84,38.130001,33.71,11802300
2015-09-14,38.220001,38.220001,37.849998,38.099998,33.69,8950000
2015-09-15,38.07,38.630001,37.919998,38.5,34.04,13019800
2015-09-16,38.669998,39.189999,38.470001,39.150002,34.61,22233400
2015-09-17,39.150002,39.610001,39.040001,39.380001,34.82,21232500
2015-09-18,38.860001,39.299999,38.709999,38.98,34.46,27527300
2015-09-21,39.049999,39.310001,38.939999,39.189999,34.65,12935800
2015-09-22,38.68,38.990002,38.580002,38.790001,34.3,15021300
2015-09-23,38.790001,38.880001,38.549999,38.759998,34.27,8910800
2015-09-24,38.52,39.200001,38.509998,39.150002,34.61,19385700
2015-09-25,39.43,40.080002,39.330002,39.619999,35.03,22511300
2015-09-28,39.52,39.82,39.330002,39.529999,34.95,19323100
2015-09-29,39.52,39.709999,39.330002,39.66,35.06,14166900
2015-09-30,39.880001,40.23,39.799999,40.119999,35.47,19752600
2015-10-01,40.220001,40.470001,39.599998,39.799999,35.19,19606600
2015-10-02,39.560001,40.389999,39.360001,40.389999,35.71,15537300
2015-10-05,40.450001,41.049999,40.43,41.009998,36.26,15664000
2015-10-06,41.040001,41.34,40.93,40.959999,36.21,14579400
2015-10-07,41.139999,41.610001,41.099998,41.52,36.71,14329700
2015-10-08,41.259998,41.990002,41.259998,41.98,37.12,11960200
2015-10-09,41.82,42.119999,41.779999,42.02,37.15,13931200
2015-10-12,41.830002,42.290001,41.810001,42,37.13,12299100
2015-10-13,41.799999,41.91,41.540001,41.650002,36.82,12903600
2015-10-14,41.560001,41.959999,41.560001,41.68,36.85,14180000
2015-10-15,41.869999,42.029999,41.599998,41.919998,37.06,11801600
2015-10-16,42.16,42.209999,41.880001,42.02,37.15,20384200
2015-10-19,41.900002,42.060001,41.799999,41.990002,37.12,15553800
2015-10-20,42,42.400002,42,42.290001,37.39,16199300
2015-10-21,41.939999,42.52,41.709999,42.189999,37.3,19254900
2015-10-22,42.439999,43.849998,42.41,43.240002,38.23,35920200
2015-10-23,43.310001,43.310001,42.75,42.790001,37.83,18796100
2015-10-26,42.759998,42.889999,42.459999,42.59,37.66,14788600
2015-10-27,42.5,42.77,42.48,42.610001,37.67,30166600
2015-10-28,42.75,42.84,42.209999,42.73,37.78,13667300
2015-10-29,42.66,42.900002,42.34,42.790001,37.83,9427400
2015-10-30,42.799999,42.860001,42.349998,42.349998,37.44,15356200
2015-11-02,42.32,42.360001,41.900002,42.240002,37.35,16252200
2015-11-03,42.18,42.32,41.810001,42.16,37.28,9693100
2015-11-04,42.27,42.389999,41.889999,41.970001,37.11,10488500
2015-11-05,42,42.349998,41.98,42.330002,37.43,9625100
2015-11-06,41.970001,42.220001,41.610001,41.959999,37.1,11926700
2015-11-09,41.700001,41.790001,41.34,41.540001,36.73,10842700
2015-11-10,41.439999,41.810001,41.43,41.77,36.93,8283100
2015-11-11,41.939999,42.200001,41.919998,42.040001,37.17,9101200
2015-11-12,42.009998,42.049999,41.57,41.580002,36.76,10725000
2015-11-13,41.459999,41.779999,41.360001,41.380001,36.59,11619500
2015-11-16,41.43,42,41.389999,41.959999,37.1,11244900
2015-11-17,41.849998,42.150002,41.509998,41.669998,36.84,12739400
2015-11-18,41.77,42.349998,41.68,42.279999,37.38,12966300
2015-11-19,42.32,43.299999,42.32,43.110001,38.12,24090700
2015-11-20,43.310001,43.580002,42.400002,42.43,37.51,19780800
2015-11-23,42.549999,43.18,42.529999,42.959999,37.98,13338100
2015-11-24,42.700001,43.599998,42.66,43.360001,38.34,15767200
2015-11-25,43.32,43.5,43.240002,43.360001,38.34,10344900
2015-11-27,43.040001,43.240002,42.799999,43.150002,38.44,7236700
2015-11-30,43.119999,43.150002,42.610001,42.619999,37.97,16063000
2015-12-01,42.73,43.099998,42.73,42.889999,38.21,11153000
2015-12-02,42.830002,42.93,42.59,42.77,38.1,12598500
2015-12-03,42.73,42.889999,42.32,42.459999,37.83,15004400
2015-12-04,42.580002,43.48,42.580002,43.290001,38.57,16488000
2015-12-07,43.310001,43.439999,43,43.200001,38.49,12030700
2015-12-08,43.049999,43.25,42.799999,43.009998,38.32,10736200
2015-12-09,42.779999,43.27,42.5,42.66,38.01,12945500
2015-12-10,42.73,43.07,42.529999,42.759998,38.1,15483300
2015-12-11,42.630001,42.830002,42.139999,42.27,37.66,17313400
2015-12-14,42.310001,42.759998,41.970001,42.450001,37.82,20092900
2015-12-15,42.84,43.240002,42.759998,43.07,38.37,17916400
2015-12-16,43.25,43.91,43.25,43.84,39.06,21868600
2015-12-17,43.810001,43.889999,43.419998,43.490002,38.75,14697000
2015-12-18,43.360001,43.419998,42.5,42.5,37.86,24583700
2015-12-21,42.82,42.939999,42.459999,42.779999,38.11,10444400
2015-12-22,42.860001,43.389999,42.709999,43.290001,38.57,12280800
2015-12-23,43.389999,43.73,43.349998,43.669998,38.91,9092300
2015-12-24,43.490002,43.720001,43.419998,43.540001,38.79,3036600
2015-12-28,43.439999,43.52,43.310001,43.490002,38.75,6326100
2015-12-29,43.540001,43.779999,43.5,43.709999,38.94,7739800
2015-12-30,43.75,43.77,43.450001,43.57,38.82,5112500
2015-12-31,43.299999,43.34,42.869999,42.959999,38.27,9727900
2016-01-04,42.34,42.5,41.970001,42.400002,37.77,16084100
2016-01-05,42.310001,42.630001,42.169998,42.549999,37.91,15781900
2016-01-06,42.200001,42.509998,42.040001,42.32,37.7,16245100
2016-01-07,41.650002,42.110001,41.450001,41.619999,37.08,20563600
2016-01-08,41.650002,42.119999,41.41,41.509998,36.98,14645900
2016-01-11,41.580002,41.860001,41.290001,41.580002,37.04,15815200
2016-01-12,42.299999,42.450001,41.869999,42.119999,37.53,21814800
2016-01-13,42.169998,42.57,41.790001,41.849998,37.28,16854300
2016-01-14,41.990002,42.169998,41.639999,41.880001,37.31,16028000
2016-01-15,40.950001,41.59,40.93,41.5,36.97,21153600
2016-01-19,41.77,42.119999,41.650002,41.919998,37.35,15462200
2016-01-20,41.450001,41.619999,40.75,41.380001,36.87,19923500
2016-01-21,41.450001,41.509998,41.09,41.389999,36.87,15568900
2016-01-22,41.639999,42.240002,41.450001,42.060001,37.47,15209200
2016-01-25,42.240002,42.5,41.93,42.16,37.56,12505200
2016-01-26,42.16,42.5,41.93,42.080002,37.49,13018500
2016-01-27,42.18,42.459999,41.810001,42.09,37.5,14167000
2016-01-28,42.18,42.720001,42.060001,42.57,37.93,16622800
2016-01-29,42.860001,43.259998,42.650002,42.919998,38.24,20457000
2016-02-01,42.599998,43.150002,42.57,43,38.31,17097800
2016-02-02,42.700001,42.790001,42.41,42.439999,37.81,12332900
2016-02-03,42.799999,42.939999,42.279999,42.720001,38.06,15958300
2016-02-04,42.52,42.889999,42.400002,42.529999,37.89,14413700
2016-02-05,42.93,42.990002,42.259998,42.439999,37.81,17315700
2016-02-08,42.169998,42.700001,41.900002,42.650002,38,17254400
2016-02-09,42.259998,43.490002,42.259998,43.299999,38.58,24853800
2016-02-10,43.34,43.389999,42.509998,42.549999,37.91,16729600
2016-02-11,42.029999,42.610001,41.98,42.41,37.78,16825300
2016-02-12,42.720001,43.139999,42.560001,43.110001,38.41,15222400
2016-02-16,43.32,43.459999,43.02,43.360001,38.63,12675900
2016-02-17,43.419998,43.619999,43.279999,43.490002,38.75,12332500
2016-02-18,43.630001,43.73,43.299999,43.610001,38.85,11170300
2016-02-19,43.580002,43.77,43.279999,43.77,39,12850000
2016-02-22,43.77,44.16,43.630001,43.939999,39.15,20716100
2016-02-23,43.740002,44.049999,43.66,43.689999,38.92,11166400
2016-02-24,43.560001,43.939999,43.369999,43.91,39.12,10844200
2016-02-25,43.959999,44.18,43.869999,44.16,39.34,10903300
2016-02-26,44.040001,44.060001,43.110001,43.139999,38.43,18421000
2016-02-29,43.169998,43.610001,42.919998,43.130001,38.43,15049800
2016-03-01,43.380001,43.689999,43.169998,43.689999,38.92,12358300
2016-03-02,43.470001,43.77,43.419998,43.77,39,12856300
2016-03-03,43.610001,43.98,43.540001,43.959999,39.16,13134800
2016-03-04,43.779999,44.150002,43.68,44.110001,39.3,13691500
2016-03-07,43.91,44.139999,43.860001,44.009998,39.21,10695300
2016-03-08,43.919998,44.470001,43.810001,44.32,39.49,18900200
2016-03-09,44.389999,44.830002,44.290001,44.810001,39.92,18466600
2016-03-10,44.84,45.259998,44.68,45.23,40.3,28908600
2016-03-11,45,45.25,44.93,45.200001,40.58,16129300
2016-03-14,45.040001,45.419998,45.040001,45.290001,40.66,13206700
2016-03-15,45.080002,45.560001,45.07,45.240002,40.62,13686300
2016-03-16,45.049999,45.169998,44.549999,45.049999,40.45,15386100
2016-03-17,45.049999,45.91,44.970001,45.77,41.1,24080000
2016-03-18,45.84,45.869999,45.389999,45.599998,40.94,23853400
2016-03-21,45.419998,45.869999,45.360001,45.669998,41.01,9740400
2016-03-22,45.549999,45.73,45.389999,45.5,40.85,13788300
2016-03-23,45.400002,45.709999,45.349998,45.459999,40.82,9292100
2016-03-24,45.450001,45.599998,45.189999,45.580002,40.92,10890200
2016-03-28,45.560001,45.93,45.509998,45.799999,41.12,13306600
2016-03-29,45.860001,46.509998,45.810001,46.48,41.73,25010400
2016-03-30,46.630001,46.73,46.330002,46.580002,41.82,14312200
2016-03-31,46.549999,46.880001,46.32,46.389999,41.65,15544500
2016-04-01,46.139999,46.869999,46.110001,46.830002,42.05,14922900
2016-04-04,46.84,46.93,46.5,46.889999,42.1,10629800
2016-04-05,46.619999,46.810001,46.439999,46.529999,41.78,10696700
2016-04-06,46.57,46.73,46.380001,46.709999,41.94,9122700
2016-04-07,46.5,46.580002,46.16,46.360001,41.62,9292000
2016-04-08,46.439999,46.98,46.439999,46.869999,42.08,11959300
2016-04-11,46.900002,47.130001,46.41,46.439999,41.7,11880100
2016-04-12,46.41,46.759998,46.349998,46.650002,41.89,11219100
2016-04-13,46.77,46.779999,45.82,46.040001,41.34,13234100
2016-04-14,46.060001,46.220001,45.75,45.830002,41.15,12982200
2016-04-15,45.82,46.16,45.68,46.099998,41.39,13647800
2016-04-18,46.099998,46.279999,45.82,46.220001,41.5,11538100
2016-04-19,46.310001,46.619999,46.150002,46.599998,41.84,14418300
2016-04-20,45.34,45.380001,44.060001,44.369999,39.84,40360300
2016-04-21,44.259998,44.279999,42.869999,43.66,39.2,37206900
2016-04-22,43.790001,44.66,43.790001,44.540001,39.99,25134200
2016-04-25,44.5,44.720001,44.380001,44.709999,40.14,11173800
2016-04-26,44.919998,44.959999,44.43,44.529999,39.98,13935500
2016-04-27,44.639999,44.860001,44.25,44.68,40.12,11335500
2016-04-28,44.5,44.900002,44.459999,44.630001,40.07,10932500
2016-04-29,44.529999,44.860001,44.5,44.799999,40.22,11716000
2016-05-02,44.57,45.189999,44.57,44.98,40.39,12577500
2016-05-03,44.869999,45.07,44.650002,44.84,40.26,10420500
2016-05-04,44.720001,45.110001,44.509998,44.98,40.39,9350500
2016-05-05,44.93,45.490002,44.869999,45.060001,40.46,8801100
2016-05-06,45.060001,45.41,44.919998,45.32,40.69,8564000
2016-05-09,45.32,45.5,45.169998,45.240002,40.62,8110600
2016-05-10,45.439999,45.84,45.419998,45.75,41.08,8933500
2016-05-11,45.73,45.880001,45.450001,45.459999,40.82,8833100
2016-05-12,45.549999,45.900002,45.490002,45.830002,41.15,10463400
2016-05-13,45.75,45.830002,45.23,45.349998,40.72,10341200
2016-05-16,45.16,45.73,45.139999,45.619999,40.96,9413600
2016-05-17,45.450001,45.560001,44.709999,44.75,40.18,17457000
2016-05-18,44.560001,44.830002,44.23,44.48,39.94,12524300
2016-05-19,44.25,44.389999,44.040001,44.32,39.79,10659500
2016-05-20,44.509998,44.540001,43.939999,43.950001,39.46,12914100
2016-05-23,44.07,44.16,43.939999,43.970001,39.48,13554700
2016-05-24,44.099998,44.419998,44,44.369999,39.84,12634200
2016-05-25,44.509998,44.630001,44.25,44.380001,39.85,9218100
2016-05-26,44.529999,44.77,44.439999,44.689999,40.13,8695800
2016-05-27,44.709999,44.959999,44.650002,44.779999,40.21,7893900
2016-05-31,44.98,44.98,44.259998,44.599998,40.04,18935200
2016-06-01,44.599998,44.779999,44.490002,44.700001,40.13,8916000
2016-06-02,44.700001,44.720001,44.5,44.720001,40.15,6693900
2016-06-03,44.75,45.049999,44.68,45.040001,40.44,13434900
2016-06-06,45.09,45.48,45.080002,45.369999,40.74,10310600
2016-06-07,45.349998,45.48,45.200001,45.32,40.69,9812600
2016-06-08,45.240002,45.66,45.189999,45.549999,40.9,7915400
2016-06-09,45.330002,45.799999,45.310001,45.759998,41.09,8042900
2016-06-10,45.619999,46.009998,45.560001,45.990002,41.29,12357000
2016-06-13,45.48,45.669998,45.09,45.119999,40.82,10613500
2016-06-14,44.849998,45.130001,44.439999,45.040001,40.75,11298200
2016-06-15,45.119999,45.34,44.880001,45.009998,40.72,8360400
2016-06-16,44.869999,45.34,44.720001,45.310001,40.99,11305400
2016-06-17,45.169998,45.220001,44.380001,44.790001,40.52,20805400
2016-06-20,45.09,45.310001,44.959999,44.98,40.7,10712400
2016-06-21,45.16,45.279999,45,45.130001,40.83,7919400
2016-06-22,45.25,45.330002,44.810001,44.860001,40.59,10738900
2016-06-23,45.029999,45.169998,44.84,45.080002,40.79,9655300
2016-06-24,44.200001,44.560001,43.82,43.93,39.75,26003700
2016-06-27,43.669998,43.889999,43.32,43.779999,39.61,15779500
2016-06-28,44.060001,44.189999,43.669998,44.18,39.97,16509800
2016-06-29,44.389999,44.709999,44.240002,44.439999,40.21,12250900
2016-06-30,44.52,45.330002,44.490002,45.330002,41.01,16056500
2016-07-01,45.330002,45.41,45.07,45.119999,40.82,11799700
2016-07-05,45.16,45.669998,45.150002,45.43,41.1,12339100
2016-07-06,45.5,45.549999,44.919998,45.27,40.96,10902600
2016-07-07,45.419998,45.52,44.970001,45.09,40.8,9741100
2016-07-08,45.299999,45.52,45.07,45.380001,41.06,11127100
2016-07-11,45.349998,45.77,45.110001,45.57,41.23,10937800
2016-07-12,45.639999,45.709999,45.18,45.580002,41.24,9739000
2016-07-13,45.610001,45.759998,45.43,45.740002,41.38,8028400
2016-07-14,45.73,45.939999,45.580002,45.689999,41.34,7621200
2016-07-15,45.880001,45.900002,45.439999,45.630001,41.28,10621000
2016-07-18,45.689999,45.700001,45.48,45.630001,41.28,7958300
2016-07-19,45.459999,45.709999,45.43,45.630001,41.28,7761100
2016-07-20,45.75,45.77,45.389999,45.509998,41.18,8478200
2016-07-21,45.34,45.509998,45.259998,45.450001,41.12,8045100
2016-07-22,45.5,45.84,45.459999,45.830002,41.46,8836100
2016-07-25,45.810001,45.830002,45.470001,45.57,41.23,9134300
2016-07-26,45.529999,45.650002,44.830002,44.880001,40.61,15819900
2016-07-27,43.900002,44.060001,43.099998,43.400002,39.27,37461100
2016-07-28,43.27,43.689999,43.220001,43.650002,39.49,13077800
2016-07-29,43.720001,43.75,43.48,43.630001,39.47,16530500
2016-08-01,43.689999,43.830002,43.43,43.450001,39.31,12349700
2016-08-02,43.349998,43.580002,43.310001,43.529999,39.38,12825200
2016-08-03,43.66,43.700001,43.369999,43.639999,39.48,12119100
2016-08-04,43.560001,43.799999,43.400002,43.509998,39.37,11244100
2016-08-05,43.650002,43.75,43.41,43.48,39.34,10398200
2016-08-08,43.43,43.52,43.220001,43.439999,39.3,8680300
2016-08-09,43.5,43.639999,43.380001,43.470001,39.33,7281300
2016-08-10,43.639999,43.689999,43.5,43.610001,39.46,8412100
2016-08-11,43.720001,43.869999,43.619999,43.75,39.58,11303300
2016-08-12,43.91,44.189999,43.790001,44.029999,39.84,10928900
2016-08-15,44.099998,44.330002,44.009998,44.240002,40.03,10390600
2016-08-16,44.25,44.25,43.830002,43.830002,39.66,9706100
2016-08-17,44.009998,44.07,43.779999,44.060001,39.86,11208500
2016-08-18,44.009998,44.259998,44,44.099998,39.9,9144300
2016-08-19,44.049999,44.060001,43.740002,43.919998,39.74,9385900
2016-08-22,43.939999,43.950001,43.73,43.740002,39.57,8687500
2016-08-23,43.849998,43.98,43.740002,43.849998,39.67,8421100
2016-08-24,43.82,43.939999,43.66,43.849998,39.67,11508900
2016-08-25,43.849998,43.939999,43.630001,43.669998,39.51,9815700
2016-08-26,43.720001,43.919998,43.310001,43.32,39.19,11824900
2016-08-29,43.34,43.610001,43.330002,43.540001,39.39,9544600
2016-08-30,43.459999,43.529999,43.119999,43.240002,39.12,9720100
2016-08-31,43.43,43.459999,43.080002,43.43,39.29,10217900
2016-09-01,43.209999,43.41,43.200001,43.349998,39.22,8457800
2016-09-02,43.52,43.830002,43.470001,43.66,39.5,9026000
2016-09-06,43.740002,43.799999,43.400002,43.790001,39.62,8600400
2016-09-07,43.720001,43.799999,43.529999,43.639999,39.48,8656600
2016-09-08,43.669998,43.73,43.450001,43.630001,39.47,10020400
2016-09-09,43.43,43.43,42.27,42.27,38.24,23624200
2016-09-12,42.360001,43.23,42.34,43.189999,39.08,15932300
2016-09-13,42.77,42.77,42.209999,42.279999,38.57,12962700
2016-09-14,42.27,42.41,41.990002,42.110001,38.41,9823900
2016-09-15,42.009998,42.389999,41.880001,42.360001,38.64,10158500
2016-09-16,42.169998,42.259998,41.970001,42.139999,38.44,16354000
2016-09-19,42.16,42.369999,42.080002,42.099998,38.4,7659900
2016-09-20,42.310001,42.529999,42.240002,42.34,38.62,8407200
2016-09-21,42.279999,42.610001,42.099998,42.529999,38.79,13654700
2016-09-22,42.709999,43.009998,42.689999,42.959999,39.19,9288300
2016-09-23,42.810001,42.939999,42.650002,42.740002,38.98,8852700
2016-09-26,42.709999,42.720001,42.009998,42.049999,38.36,15036000
2016-09-27,42.189999,42.630001,42,42.59,38.85,11920400
2016-09-28,42.630001,42.759998,42.029999,42.150002,38.45,15523800
2016-09-29,42.02,42.389999,41.849998,42.029999,38.34,12671700
2016-09-30,42.209999,42.5,42.060001,42.32,38.6,14375700
2016-10-03,42.310001,42.310001,41.889999,42.029999,38.34,11152800
2016-10-04,42.34,42.34,41.779999,41.84,38.16,13682700
2016-10-05,41.93,42.07,41.669998,41.810001,38.14,9607300
2016-10-06,41.68,41.939999,41.580002,41.709999,38.05,9722900
2016-10-07,41.830002,41.939999,41.57,41.73,38.06,8122800
2016-10-10,41.919998,41.990002,41.599998,41.73,38.06,8983600
2016-10-11,41.66,41.700001,41.400002,41.540001,37.89,12249100
2016-10-12,41.630001,41.84,41.5,41.779999,38.11,12216300
2016-10-13,41.650002,41.889999,41.509998,41.759998,38.09,17655600
2016-10-14,41.849998,41.91,41.619999,41.669998,38.01,9893800
2016-10-17,41.73,41.860001,41.57,41.599998,37.94,10792500
2016-10-18,41.810001,42,41.73,41.970001,38.28,11297300
2016-10-19,41.93,42.119999,41.810001,42.049999,38.36,16367400
2016-10-20,41.970001,42.110001,41.889999,41.93,38.25,10620500
2016-10-21,41.849998,42.169998,41.68,42.130001,38.43,14401500
2016-10-24,42.32,42.77,42.25,42.560001,38.82,13439200
2016-10-25,42.639999,42.880001,42.43,42.540001,38.8,16484700
2016-10-26,43,43.029999,42.41,42.439999,38.71,16886200
2016-10-27,42.630001,42.650002,41.900002,42.119999,38.42,14537000
2016-10-28,42.259998,42.470001,42.099998,42.23,38.52,13398400
2016-10-31,42.119999,42.41,42.119999,42.400002,38.67,13327500
2016-11-01,42.400002,42.43,41.91,42.119999,38.42,12223400
2016-11-02,42.099998,42.34,42.009998,42.049999,38.36,12034300
2016-11-03,42.220001,42.220001,41.959999,42.029999,38.34,11258000
2016-11-04,41.849998,42.040001,41.689999,41.689999,38.03,14464200
2016-11-07,42.040001,42.5,42.040001,42.459999,38.73,14038500
2016-11-08,42.369999,42.98,42.369999,42.880001,39.11,12036600
2016-11-09,41.759998,42.32,41.700001,42.27,38.56,21351000
2016-11-10,41.860001,42.259998,40.849998,40.939999,37.34,33245500
2016-11-11,40.950001,41.130001,40.630001,41.029999,37.43,13421000
2016-11-14,41.130001,41.419998,40.849998,41.169998,37.55,19514200
2016-11-15,41.18,41.52,41.169998,41.439999,37.8,16554000
2016-11-16,41.400002,41.650002,41.16,41.259998,37.63,12681400
2016-11-17,41.279999,41.299999,41,41.119999,37.51,12398800
2016-11-18,41.029999,41.200001,40.900002,40.91,37.32,16345300
2016-11-21,40.91,41.360001,40.73,41.360001,37.73,12307000
2016-11-22,41.450001,41.700001,41.240002,41.369999,37.74,12743500
2016-11-23,41.220001,41.310001,41.029999,41.119999,37.51,9281300
2016-11-25,41.389999,41.580002,41.240002,41.529999,37.88,7402300
2016-11-28,41.509998,41.790001,41.27,41.75,38.08,19424400
2016-11-29,41.52,41.52,41.139999,41.150002,37.85,11421900
2016-11-30,41,41.200001,40.349998,40.349998,37.12,22410400
2016-12-01,40.310001,40.389999,39.880001,40.169998,36.95,20409900
2016-12-02,40.299999,40.490002,40.189999,40.360001,37.13,11176300
2016-12-05,40.34,40.689999,40.310001,40.619999,37.36,15977800
2016-12-06,40.75,40.77,40.419998,40.57,37.32,11303500
2016-12-07,40.540001,41.290001,40.509998,41.290001,37.98,13726500
2016-12-08,41.07,41.209999,40.849998,40.98,37.7,13077100
2016-12-09,41.5,42.220001,41.290001,42,38.63,28125800
2016-12-12,42,42.009998,41.720001,41.900002,38.54,17561900
2016-12-13,41.720001,41.959999,41.540001,41.759998,38.41,18986000
2016-12-14,41.889999,41.990002,41.060001,41.209999,37.91,17937900
2016-12-15,41.099998,41.810001,41.099998,41.549999,38.22,14265300
2016-12-16,41.610001,41.759998,41.48,41.740002,38.39,19675200
2016-12-19,41.689999,41.799999,41.580002,41.669998,38.33,8687300
2016-12-20,41.700001,41.720001,41.439999,41.66,38.32,10603500
2016-12-21,41.599998,41.830002,41.52,41.57,38.24,9693600
2016-12-22,41.57,41.619999,41.080002,41.549999,38.22,11894100
2016-12-23,41.619999,41.689999,41.349998,41.599998,38.27,6436600
2016-12-27,41.560001,41.759998,41.540001,41.610001,38.27,6999200
2016-12-28,41.490002,41.669998,41.389999,41.389999,38.07,8988000
2016-12-29,41.380001,41.689999,41.380001,41.599998,38.27,6875300
2016-12-30,41.689999,41.84,41.349998,41.459999,38.14,11470200
2017-01-03,41.5,41.810001,41.279999,41.799999,38.45,14711000
2017-01-04,41.880001,41.970001,41.59,41.650002,38.31,9959400
2017-01-05,41.66,41.860001,41.529999,41.75,38.4,8968300
2017-01-06,41.700001,41.810001,41.540001,41.740002,38.39,10246600
2017-01-09,41.23,41.580002,41.209999,41.32,38.01,14822500
2017-01-10,41.439999,41.439999,40.860001,41.040001,37.75,19706800
2017-01-11,40.849998,41.119999,40.830002,41.049999,37.76,9266200
2017-01-12,41.009998,41.040001,40.799999,40.950001,37.67,8541200
2017-01-13,41,41.040001,40.689999,40.880001,37.6,8123500
2017-01-17,40.84,41.299999,40.799999,41.220001,37.92,12469400
2017-01-18,41.25,41.380001,41.139999,41.290001,37.98,10390500
2017-01-19,41.139999,41.290001,41.029999,41.139999,37.84,10987100
2017-01-20,41.27,41.439999,41.130001,41.32,38.01,14695400
2017-01-23,41.310001,41.5,41.209999,41.43,38.11,11628900
2017-01-24,41.470001,41.970001,41.470001,41.900002,38.54,17040100
2017-01-25,41.939999,42.25,41.900002,42.119999,38.74,12538200
2017-01-26,42.029999,42.110001,41.790001,41.810001,38.46,8976800
2017-01-27,41.91,41.950001,41.419998,41.450001,38.13,12967400
2017-01-30,41.299999,41.48,41.209999,41.380001,38.06,11626200
2017-01-31,41.389999,41.689999,41.360001,41.57,38.24,12678000
2017-02-01,41.52,41.66,41.25,41.259998,37.95,11136100
2017-02-02,41.41,41.490002,41.25,41.400002,38.08,9459700
2017-02-03,41.580002,41.790001,41.459999,41.540001,38.21,11882400
2017-02-06,41.529999,41.669998,41.400002,41.560001,38.23,15742800
2017-02-07,41.700001,41.98,41.669998,41.900002,38.54,13315200
2017-02-08,41.91,42.150002,41.84,42.02,38.65,14219700
2017-02-09,42.02,42.02,40.720001,41.25,37.94,27240300
2017-02-10,41.02,41.200001,40.549999,40.580002,37.33,28847300
2017-02-13,40.77,40.830002,40.5,40.619999,37.36,23617100
2017-02-14,40.380001,40.599998,40.220001,40.529999,37.28,32177800
2017-02-15,40.419998,40.630001,40.400002,40.439999,37.2,26600800
2017-02-16,40.549999,41.279999,40.5,41.200001,37.9,22214800
2017-02-17,41.130001,41.360001,41.049999,41.23,37.93,15065100
2017-02-21,41.200001,41.5,41.200001,41.459999,38.14,17072600
2017-02-22,41.509998,41.68,41.400002,41.599998,38.27,11186800
2017-02-23,41.669998,42,41.619999,41.66,38.32,12856800
2017-02-24,41.700001,41.91,41.599998,41.779999,38.43,13215300
2017-02-27,41.75,41.75,41.59,41.669998,38.33,12186400
2017-02-28,41.68,42.07,41.639999,41.959999,38.6,15946800
2017-03-01,42.009998,42.349998,41.880001,42.16,38.78,14662000
2017-03-02,42.080002,42.560001,42.07,42.470001,39.07,15507600
2017-03-03,42.470001,42.490002,42.25,42.48,39.08,11740000
2017-03-06,42.34,42.43,42.119999,42.18,38.8,16307800
2017-03-07,42,42.240002,41.950001,41.990002,38.62,11273700
2017-03-08,42,42.029999,41.740002,41.990002,38.62,14636000
2017-03-09,42.09,42.110001,41.919998,42.029999,38.66,14496400
2017-03-10,42.23,42.400002,42.150002,42.290001,38.9,16369700
2017-03-13,41.919998,42.119999,41.84,42.029999,39,12831500
2017-03-14,41.98,42.099998,41.830002,41.970001,38.95,9844500
2017-03-15,41.98,42.279999,41.970001,42.119999,39.09,22757800
2017-03-16,42.029999,42.389999,41.900002,42.25,39.21,16004200
2017-03-17,42.279999,42.349998,42.009998,42.029999,39,37526500
2017-03-20,42.099998,42.34,42.07,42.18,39.14,11484200
2017-03-21,42.310001,42.630001,42.209999,42.5,39.44,17187300
2017-03-22,42.560001,42.700001,42.25,42.380001,39.33,11605500
2017-03-23,42.209999,42.389999,42.060001,42.169998,39.13,11503300
2017-03-24,42.23,42.25,41.91,42.119999,39.09,13804400
2017-03-27,42.110001,42.34,42.049999,42.32,39.27,12387400
2017-03-28,42.240002,42.560001,42.240002,42.43,39.37,14123800
2017-03-29,42.509998,42.529999,42.290001,42.419998,39.36,9580100
2017-03-30,42.349998,42.619999,42.259998,42.599998,39.53,11999900
2017-03-31,42.549999,42.650002,42.43,42.439999,39.38,11551800
2017-04-03,42.580002,42.630001,42.27,42.41,39.36,11240000
2017-04-04,42.509998,42.689999,42.369999,42.68,39.61,10946200
2017-04-05,42.650002,42.860001,42.529999,42.57,39.5,10142800
2017-04-06,42.580002,42.759998,42.470001,42.669998,39.6,14597800
2017-04-07,42.639999,42.740002,42.509998,42.610001,39.54,11028800
2017-04-10,42.73,42.799999,42.560001,42.689999,39.62,9426900
2017-04-11,42.68,42.75,42.52,42.66,39.59,8909400
2017-04-12,42.540001,42.990002,42.509998,42.939999,39.85,13417200
2017-04-13,42.869999,43.080002,42.779999,42.790001,39.71,9891900
2017-04-17,42.790001,43.07,42.779999,43.07,39.97,11318100
2017-04-18,43.110001,43.59,43.09,43.48,40.35,13181600
2017-04-19,43.740002,43.790001,43.189999,43.23,40.12,13893100
2017-04-20,43.200001,43.299999,43.049999,43.09,39.99,10838300
2017-04-21,42.98,43.099998,42.889999,43.07,39.97,13833800
2017-04-24,43.240002,43.43,43.150002,43.279999,40.16,16703800
2017-04-25,42.849998,43.43,42.82,43.110001,40,18745100
2017-04-26,43.060001,43.43,42.98,43.240002,40.13,13626600
2017-04-27,43.169998,43.279999,42.919998,43.009998,39.91,10386200
2017-04-28,42.959999,43.200001,42.849998,43.150002,40.04,10337800
2017-05-01,43.150002,43.5,43.099998,43.220001,40.11,13208200
2017-05-02,43.220001,43.439999,43.16,43.389999,40.26,11823900
2017-05-03,43.330002,43.490002,43.150002,43.32,40.2,10389000
2017-05-04,43.419998,43.810001,43.400002,43.66,40.52,10193100
2017-05-05,43.790001,43.84,43.560001,43.689999,40.54,8133000
2017-05-08,43.59,43.91,43.540001,43.889999,40.73,14284300
2017-05-09,43.889999,43.889999,43.380001,43.509998,40.38,8694400
2017-05-10,43.48,43.619999,43.360001,43.57,40.43,7597700
2017-05-11,43.490002,43.68,43.43,43.669998,40.52,6860100
2017-05-12,43.639999,43.68,43.459999,43.59,40.45,7275800
2017-05-15,43.459999,43.759998,43.459999,43.73,40.58,8493000
2017-05-16,43.869999,44.110001,43.77,43.849998,40.69,10454100
2017-05-17,43.849998,44.169998,43.709999,43.93,40.77,14538800
2017-05-18,43.869999,43.959999,43.639999,43.799999,40.65,13832200
2017-05-19,43.849998,44,43.759998,43.900002,40.74,11796800
2017-05-22,43.889999,44.220001,43.810001,44.18,41,12857900
2017-05-23,44.25,44.599998,44.209999,44.389999,41.19,11996100
2017-05-24,44.509998,45.09,44.509998,45.029999,41.79,12738300
2017-05-25,45,45.48,44.970001,45.41,42.14,16704200
2017-05-26,45.349998,45.560001,45.330002,45.389999,42.12,11341400
2017-05-30,45.16,45.459999,45.110001,45.43,42.16,13093500
2017-05-31,45.43,45.700001,45.369999,45.470001,42.19,14148000
2017-06-01,45.450001,45.790001,45.23,45.790001,42.49,11049300
2017-06-02,45.830002,45.889999,45.610001,45.889999,42.58,9923700
2017-06-05,45.779999,45.990002,45.689999,45.990002,42.68,10015200
2017-06-06,45.900002,46.060001,45.779999,45.98,42.67,9836700
2017-06-07,45.5,45.700001,45.349998,45.509998,42.23,12776300
2017-06-08,45.509998,45.509998,45.029999,45.130001,41.88,12879000
2017-06-09,45.060001,45.349998,44.970001,45.32,42.06,9358800
2017-06-12,45.32,45.48,45.200001,45.330002,42.06,11228500
2017-06-13,45,45.110001,44.799999,45.029999,42.13,10023400
2017-06-14,45.18,45.470001,45.16,45.299999,42.38,11497500
2017-06-15,45.18,45.34,45.040001,45.25,42.34,9908700
2017-06-16,45.310001,45.349998,45.009998,45.310001,42.39,27025300
2017-06-19,45.349998,45.380001,45.099998,45.380001,42.46,7624700
2017-06-20,45.349998,45.869999,45.32,45.610001,42.67,14920900
2017-06-21,45.619999,45.68,45.169998,45.220001,42.31,9515800
2017-06-22,45.169998,45.279999,45.029999,45.07,42.17,7446300
2017-06-23,45.049999,45.380001,45.029999,45.25,42.34,9544800
2017-06-26,45.32,45.509998,45.299999,45.43,42.5,7747100
2017-06-27,45.34,45.400002,45,45.049999,42.15,11432200
2017-06-28,45.25,45.5,45.23,45.32,42.4,9218800
2017-06-29,45.130001,45.240002,44.650002,44.830002,41.94,9283500
2017-06-30,44.889999,45.119999,44.849998,44.849998,41.96,9352800
2017-07-03,45.110001,45.27,44.759998,44.759998,41.88,6434500
2017-07-05,44.790001,44.990002,44.73,44.82,41.93,6853600
2017-07-06,44.720001,44.849998,44.290001,44.400002,41.54,13113000
2017-07-07,44.470001,44.52,44.240002,44.389999,41.53,9566000
2017-07-10,44.450001,44.580002,44.23,44.380001,41.52,9672000
2017-07-11,44.32,44.48,44.150002,44.330002,41.48,10300700
2017-07-12,44.59,44.77,44.439999,44.509998,41.64,7737400
2017-07-13,44.490002,44.529999,44.369999,44.43,41.57,6371900
2017-07-14,44.52,44.720001,44.5,44.68,41.8,8558700
2017-07-17,44.66,44.790001,44.610001,44.73,41.85,7189200
2017-07-18,44.779999,44.849998,44.619999,44.669998,41.79,9037200
2017-07-19,44.669998,44.84,44.549999,44.830002,41.94,6986900
2017-07-20,44.900002,44.98,44.75,44.82,41.93,7430300
2017-07-21,44.779999,45.07,44.669998,45.029999,42.13,8545600
2017-07-24,45.040001,45.049999,44.830002,44.84,41.95,9103600
2017-07-25,45.02,45.290001,44.939999,45.240002,42.33,14096300
2017-07-26,44.549999,45.790001,44.310001,45.740002,42.79,13608900
2017-07-27,45.799999,46.43,45.700001,46.119999,43.15,15195200
2017-07-28,46,46.119999,45.73,46.009998,43.05,11945300
2017-07-31,46,46.080002,45.790001,45.84,42.89,13622900
2017-08-01,45.970001,46.060001,45.650002,45.700001,42.76,10306800
2017-08-02,45.599998,46,45.380001,45.59,42.65,10187900
2017-08-03,45.650002,45.950001,45.630001,45.669998,42.73,14261400
2017-08-04,45.669998,45.759998,45.470001,45.5,42.57,9523600
2017-08-07,45.52,45.759998,45.5,45.639999,42.7,6226300
2017-08-08,45.639999,45.82,45.549999,45.599998,42.66,5747900
2017-08-09,45.560001,45.66,45.330002,45.59,42.65,9635300
2017-08-10,45.560001,45.84,45.459999,45.740002,42.79,8901600
2017-08-11,45.860001,45.900002,45.57,45.59,42.65,8357600
2017-08-14,45.669998,45.939999,45.619999,45.799999,42.85,8421200
2017-08-15,45.799999,46.25,45.799999,46.189999,43.22,9638100
2017-08-16,46.150002,46.34,46.119999,46.200001,43.23,8087300
2017-08-17,46.119999,46.330002,45.849998,45.860001,42.91,8477000
2017-08-18,45.799999,45.900002,45.630001,45.669998,42.73,10879800
2017-08-21,45.669998,45.799999,45.560001,45.68,42.74,9429700
2017-08-22,45.700001,45.75,45.540001,45.599998,42.66,10536700
2017-08-23,45.630001,45.66,45.439999,45.540001,42.61,6528400
2017-08-24,45.540001,45.610001,45.310001,45.41,42.49,7534400
2017-08-25,45.599998,45.759998,45.560001,45.57,42.64,8807100
2017-08-28,45.630001,45.689999,45.380001,45.419998,42.5,8024000
2017-08-29,45.400002,45.57,45.25,45.450001,42.52,7762200
2017-08-30,45.360001,45.540001,45.290001,45.389999,42.47,7134900
2017-08-31,45.400002,45.650002,45.34,45.549999,42.62,14264600
2017-09-01,45.639999,45.799999,45.540001,45.779999,42.83,7391200
2017-09-05,45.75,45.93,45.650002,45.919998,42.96,9916700
2017-09-06,45.98,46.040001,45.790001,45.959999,43,9238900
2017-09-07,46.009998,46.32,45.959999,46.279999,43.3,9418400
2017-09-08,46.189999,46.369999,46.02,46.299999,43.32,10534900
2017-09-11,46.349998,46.59,46.220001,46.52,43.52,10430300
2017-09-12,46.5,46.75,46.450001,46.720001,43.71,8567600
2017-09-13,46.68,46.98,46.650002,46.869999,43.85,10218000
2017-09-14,46.400002,46.470001,45.939999,46.110001,43.48,13768800
2017-09-15,46.299999,46.360001,46,46.18,43.55,16141400
2017-09-18,46.150002,46.240002,45.91,46.110001,43.48,8535300
2017-09-19,46.139999,46.189999,45.889999,45.98,43.36,7297900
2017-09-20,45.759998,46.150002,45.549999,45.779999,43.17,11026600
2017-09-21,45.709999,45.790001,45.360001,45.400002,42.81,7555300
2017-09-22,45.450001,45.630001,45.369999,45.490002,42.9,8024800
2017-09-25,45.5,45.759998,45.349998,45.689999,43.09,9215300
2017-09-26,45.689999,45.869999,45.560001,45.57,42.97,6480100
2017-09-27,45.470001,45.5,44.380001,44.639999,42.1,14816200
2017-09-28,44.669998,45,44.650002,44.91,42.35,8789500
2017-09-29,44.860001,45.110001,44.790001,45.009998,42.45,10082200
2017-10-02,45.049999,45.27,44.75,44.799999,42.25,10707800
2017-10-03,44.860001,45.259998,44.759998,45.189999,42.62,12038100
2017-10-04,45.110001,45.560001,44.939999,45.5,42.91,14060300
2017-10-05,45.509998,45.75,45.5,45.52,42.93,10215300
2017-10-06,45.389999,45.52,45.279999,45.490002,42.9,5437900
2017-10-09,45.549999,45.650002,45.34,45.41,42.82,5268300
2017-10-10,45.599998,45.900002,45.529999,45.869999,43.26,6310400
2017-10-11,45.880001,46.099998,45.869999,46.099998,43.47,6638200
2017-10-12,45.98,46.139999,45.939999,46.110001,43.48,7710200
2017-10-13,46.25,46.380001,46.150002,46.18,43.55,7126000
2017-10-16,46.119999,46.75,46.099998,46.619999,43.97,12708600
2017-10-17,46.529999,46.630001,46.310001,46.52,43.87,7699400
2017-10-18,46.41,46.540001,46.240002,46.400002,43.76,6272200
2017-10-19,46.369999,46.790001,46.32,46.59,43.94,7515500
2017-10-20,46.580002,46.59,46.279999,46.380001,43.74,9646800
2017-10-23,46.380001,46.650002,46.23,46.32,43.68,7153600
2017-10-24,46.259998,46.290001,45.950001,46.18,43.55,9539500
2017-10-25,46.369999,46.759998,45.93,46.049999,43.43,11994200
2017-10-26,46.32,46.75,46.220001,46.23,43.6,10569100
2017-10-27,46.130001,46.330002,45.91,46.07,43.45,9988000
2017-10-30,46,46.07,45.82,45.860001,43.25,7201900
2017-10-31,45.919998,46.169998,45.84,45.98,43.36,6560500
2017-11-01,45.75,46.09,45.630001,45.799999,43.19,7067600
2017-11-02,45.810001,45.950001,45.75,45.880001,43.27,8317800
2017-11-03,45.970001,46.16,45.919998,45.970001,43.35,4730400
2017-11-06,45.91,45.919998,45.419998,45.470001,42.88,7451300
2017-11-07,45.41,45.950001,45.310001,45.939999,43.32,9868000
2017-11-08,45.98,46.189999,45.869999,46.18,43.55,7586900
2017-11-09,46.119999,46.389999,46.02,46.23,43.6,6532400
2017-11-10,46.200001,46.639999,46.139999,46.540001,43.89,8022900
2017-11-13,46.599998,46.82,46.540001,46.720001,44.06,7653600
2017-11-14,46.709999,47.48,46.619999,47.43,44.73,17200700
2017-11-15,47.32,47.459999,46.779999,46.810001,44.14,12419100
2017-11-16,46.950001,46.98,46.509998,46.549999,43.9,12506400
2017-11-17,46.34,46.380001,45.25,45.709999,43.11,19720700
2017-11-20,45.650002,45.880001,45.419998,45.459999,42.87,19160900
2017-11-21,45.560001,45.950001,45.540001,45.779999,43.17,10280800
2017-11-22,45.889999,45.93,45.540001,45.84,43.23,8434400
2017-11-24,45.889999,46.049999,45.860001,45.880001,43.27,2996300
2017-11-27,45.880001,45.990002,45.810001,45.900002,43.29,5649200
2017-11-28,45.990002,46.150002,45.779999,45.830002,43.22,8432800
2017-11-29,45.77,45.82,45.209999,45.5,42.91,16502100
2017-11-30,45.139999,45.84,45.029999,45.77,43.52,17147600
2017-12-01,45.799999,46.02,45.209999,45.970001,43.71,12468800
2017-12-04,45.990002,46.380001,45.77,46.23,43.95,17523600
2017-12-05,46.25,46.439999,46.060001,46.259998,43.98,13670800
2017-12-06,46.360001,46.48,46.259998,46.450001,44.16,8154000
2017-12-07,46.290001,46.32,45.720001,45.779999,43.53,9106500
2017-12-08,45.700001,45.73,45.049999,45.310001,43.08,13238600
2017-12-11,45.310001,45.41,44.919998,45.330002,43.1,9698700
2017-12-12,45.25,45.52,45.060001,45.290001,43.06,13999300
2017-12-13,45.450001,46.049999,45.400002,45.900002,43.64,12418700
2017-12-14,45.810001,46.169998,45.799999,46.029999,43.76,9029000
2017-12-15,46.290001,46.419998,46.040001,46.189999,43.92,21181600
2017-12-18,46.200001,46.380001,45.91,45.93,43.67,10156800
2017-12-19,46.040001,46.380001,45.91,46.130001,43.86,8253200
2017-12-20,46.209999,46.299999,45.959999,46.080002,43.81,7311000
2017-12-21,46.139999,46.220001,45.560001,45.599998,43.36,9657100
2017-12-22,45.689999,45.73,45.549999,45.59,43.35,5406300
2017-12-26,45.700001,45.860001,45.610001,45.810001,43.56,6100400
2017-12-27,45.900002,45.939999,45.720001,45.93,43.67,5660600
2017-12-28,45.91,45.990002,45.639999,45.720001,43.47,6538900
2017-12-29,45.700001,46.18,45.689999,45.880001,43.62,8371500
2018-01-02,45.91,45.939999,45.509998,45.540001,43.3,10872200
2018-01-03,45.490002,45.689999,45.34,45.439999,43.2,12635600
2018-01-04,45.560001,46.220001,45.450001,46.080002,43.81,12709400
2018-01-05,46.02,46.200001,45.790001,46.07,43.8,13113100
2018-01-08,45.950001,46.099998,45.880001,46,43.74,7068600
2018-01-09,46,46.360001,45.939999,46.23,43.95,9962400
2018-01-10,46.23,46.259998,45.93,46.07,43.8,10700700
2018-01-11,46.23,46.23,45.860001,46.040001,43.77,7583200
2018-01-12,46.279999,46.389999,46.029999,46.150002,43.88,14570100
2018-01-16,46.150002,46.619999,46.139999,46.529999,44.24,16459300
2018-01-17,46.580002,47,46.549999,46.82,44.52,12143100
2018-01-18,46.75,47.07,46.610001,46.880001,44.57,11952900
2018-01-19,46.990002,47.25,46.869999,47.16,44.84,16187400
2018-01-22,47.139999,47.5,47.09,47.380001,45.05,9577400
2018-01-23,47.209999,47.700001,47.130001,47.450001,45.11,11463700
2018-01-24,47.529999,47.950001,47.48,47.830002,45.48,15964500
2018-01-25,47.700001,48,47.700001,47.84,45.49,11755000
2018-01-26,47.779999,48.619999,47.740002,48.529999,46.14,16671200
2018-01-29,48.209999,48.459999,47.580002,47.700001,45.35,11662600
2018-01-30,47.73,48.16,47.400002,47.41,45.08,12404800
2018-01-31,47.450001,47.900002,47.369999,47.59,45.25,10960100
2018-02-01,47.41,47.73,47.110001,47.450001,45.11,10279400
2018-02-02,47.349998,47.41,46.630001,46.73,44.43,12912300
2018-02-05,46.650002,46.919998,44.41,44.889999,42.68,23261500
2018-02-06,43.869999,44.740002,43.439999,44.669998,42.47,25184300
2018-02-07,44.580002,45.5,44.279999,44.560001,42.37,18041600
2018-02-08,44.619999,44.619999,43.07,43.099998,40.98,23295300
2018-02-09,43.360001,43.459999,42.189999,43.130001,41.01,22853100
2018-02-12,43.560001,44.23,43.369999,43.970001,41.81,14689000
2018-02-13,43.919998,44.41,43.689999,44.189999,42.02,13163200
2018-02-14,44.02,44.189999,43.630001,44.099998,41.93,13457900
2018-02-15,44.25,44.830002,44.119999,44.779999,42.58,13467300
2018-02-16,45.57,45.639999,44.720001,44.98,42.77,17202300
2018-02-20,44.75,44.830002,43.939999,43.990002,41.82,14137300
2018-02-21,44.110001,44.259998,43.330002,43.34,41.21,12792900
2018-02-22,43.43,43.82,43.220001,43.52,41.38,12377800
2018-02-23,43.580002,44.060001,43.419998,44.040001,41.87,8277200
2018-02-26,44.23,44.389999,43.810001,44.029999,41.86,12713300
2018-02-27,44.150002,44.310001,43.619999,43.619999,41.47,12774400
2018-02-28,43.830002,43.91,43.220001,43.220001,41.09,11929400
2018-03-01,43.099998,43.639999,42.82,43.43,41.29,17746800
2018-03-02,43.25,43.799999,43.240002,43.720001,41.57,14050100
2018-03-05,43.57,43.939999,43.5,43.889999,41.73,11992700
2018-03-06,43.950001,44.049999,43.59,43.93,41.77,10010500
2018-03-07,43.59,43.919998,43.470001,43.82,41.66,10881700
2018-03-08,43.900002,44.459999,43.799999,44.450001,42.26,12361100
2018-03-09,44.57,44.82,44.389999,44.82,42.61,9778600
2018-03-12,44.950001,45.09,44.330002,44.529999,42.34,11857700
2018-03-13,44.669998,44.830002,44.400002,44.57,42.38,11342100
2018-03-14,44.380001,44.43,43.73,43.779999,41.99,15321200
2018-03-15,43.880001,44,43.549999,43.669998,41.89,12456700
2018-03-16,43.700001,44.02,43.450001,43.459999,41.69,26603300
2018-03-19,43.459999,43.709999,43.18,43.259998,41.49,12380300
2018-03-20,43.32,43.48,43.009998,43.16,41.4,13559800
2018-03-21,43.130001,43.450001,42.790001,43,41.24,13054000
2018-03-22,42.880001,43.369999,42.700001,42.759998,41.01,12274100
2018-03-23,42.82,43.16,42.290001,42.330002,40.6,13475200
2018-03-26,42.610001,42.810001,42.25,42.689999,40.95,11276100
2018-03-27,42.700001,43.310001,42.529999,42.889999,41.14,11627000
2018-03-28,43,43.700001,43,43.32,41.55,16277400
2018-03-29,43.540001,43.919998,43.290001,43.43,41.66,10450500
2018-04-02,43.439999,43.5,42.470001,42.669998,40.93,14207900
2018-04-03,42.98,43.540001,42.84,43.380001,41.61,15484600
2018-04-04,43.139999,44.400002,43.110001,44.240002,42.43,13563300
2018-04-05,44.279999,44.610001,43.939999,44.400002,42.59,11707800
2018-04-06,44.279999,44.52,43.709999,43.919998,42.13,11495100
2018-04-09,44.029999,44.310001,43.779999,43.830002,42.04,11913400
2018-04-10,44.07,44.18,43.720001,43.990002,42.19,10379500
2018-04-11,43.810001,44.139999,43.759998,43.990002,42.19,8424300
2018-04-12,44.080002,44.41,43.950001,44.029999,42.23,8476400
2018-04-13,44.189999,44.689999,44.139999,44.509998,42.69,10774200
2018-04-16,44.650002,44.889999,44.400002,44.68,42.86,8962100
2018-04-17,44.950001,45.029999,44.650002,44.880001,43.05,8406400
2018-04-18,44.900002,44.970001,44.330002,44.509998,42.69,7429000
2018-04-19,44.34,44.470001,44.02,44.310001,42.5,10370400
2018-04-20,44.310001,44.41,43.580002,43.740002,41.95,14690700
2018-04-23,43.740002,43.990002,43.560001,43.98,42.18,11878500
2018-04-24,43.98,44.099998,42.73,43.07,41.31,18523900
2018-04-25,42.740002,42.889999,41.91,42.43,40.7,20774700
2018-04-26,42.400002,43.099998,42.259998,42.75,41,13561000
2018-04-27,42.73,43.34,42.709999,43.310001,41.54,9777900
2018-04-30,43.5,43.689999,42.970001,43.209999,41.45,16037700
2018-05-01,42.959999,42.990002,42.18,42.59,40.85,11514200
2018-05-02,42.400002,42.59,41.939999,42.060001,40.34,13736400
2018-05-03,42.220001,42.400002,41.52,41.889999,40.18,18352200
2018-05-04,41.790001,42.5,41.77,42.360001,40.63,10946200
2018-05-07,42.34,42.490002,41.959999,42.139999,40.42,9336000
2018-05-08,41.970001,42.09,41.689999,41.810001,40.1,15062200
2018-05-09,41.970001,42.23,41.669998,41.779999,40.07,9295200
2018-05-10,41.990002,42.360001,41.939999,42.18,40.46,7924200
2018-05-11,42.240002,42.470001,42.040001,42.139999,40.42,6331900
2018-05-14,42.25,42.32,41.900002,42.040001,40.32,10715500
2018-05-15,41.779999,41.919998,41.450001,41.720001,40.02,16449700
2018-05-16,41.740002,41.939999,41.540001,41.549999,39.85,11590500
2018-05-17,42.009998,42.349998,41.869999,42.299999,40.57,14857400
2018-05-18,42.299999,42.380001,42.080002,42.18,40.46,11950200
2018-05-21,42.310001,42.52,42.27,42.41,40.68,9110200
2018-05-22,42.5,42.599998,42.209999,42.25,40.53,8222900
2018-05-23,42.25,42.450001,41.93,42.400002,40.67,8971400
2018-05-24,42.400002,42.470001,42.189999,42.32,40.59,9269600
2018-05-25,42.34,42.580002,42.200001,42.400002,40.67,8806500
2018-05-29,42.119999,42.849998,42.099998,42.68,40.94,14826900
2018-05-30,42.77,43.279999,42.700001,43.130001,41.37,10114200
2018-05-31,43.200001,43.209999,42.68,43,41.24,15571300
2018-06-01,43.099998,43.32,43.040001,43.119999,41.36,10664700
2018-06-04,43.360001,43.59,43.290001,43.490002,41.71,11727600
2018-06-05,43.5,43.540001,43.099998,43.110001,41.35,9975900
2018-06-06,43.060001,43.459999,43.040001,43.459999,41.69,9202900
2018-06-07,43.330002,43.73,43.330002,43.439999,41.67,11948100
2018-06-08,43.57,44,43.560001,43.950001,42.16,12078800
2018-06-11,43.950001,44.25,43.889999,44.130001,42.33,7526100
2018-06-12,44.130001,44.419998,44.080002,44.41,42.6,8243300
2018-06-13,44.349998,44.52,44.150002,44.18,42.38,16745000
2018-06-14,43.75,43.849998,43.52,43.580002,42.17,12696200
2018-06-15,43.560001,44.150002,43.450001,44.119999,42.7,21562500
2018-06-18,43.880001,43.959999,43.400002,43.549999,42.14,12161900
2018-06-19,43.299999,43.75,43.200001,43.599998,42.19,12936400
2018-06-20,43.619999,43.779999,43.23,43.259998,41.86,10893700
2018-06-21,43.27,43.299999,42.959999,43.09,41.7,10465200
2018-06-22,43.150002,43.41,43.080002,43.25,41.85,14924400
2018-06-25,43.16,43.75,43.16,43.580002,42.17,12092400
2018-06-26,43.560001,43.84,43.279999,43.330002,41.93,13974700
2018-06-27,43.330002,43.610001,42.990002,43.07,41.68,15332600
2018-06-28,43.240002,43.68,43.169998,43.470001,42.07,12668900
2018-06-29,43.57,44.099998,43.310001,43.860001,42.44,11485600
2018-07-02,43.779999,44.16,43.580002,43.75,42.34,9232500
2018-07-03,44.060001,44.330002,43.990002,43.990002,42.57,8214300
2018-07-05,44.16,44.669998,44.130001,44.66,43.22,11653000
2018-07-06,44.669998,44.939999,44.580002,44.639999,43.2,8733900
2018-07-09,44.540001,44.73,44.34,44.400002,42.97,7373100
2018-07-10,44.509998,45,44.5,44.970001,43.52,10606100
2018-07-11,44.990002,45,44.639999,44.790001,43.34,7715600
2018-07-12,44.830002,44.959999,44.490002,44.669998,43.23,6331600
2018-07-13,44.700001,44.779999,44.470001,44.740002,43.3,5585900
2018-07-16,44.73,44.799999,44.529999,44.73,43.29,5831400
2018-07-17,44.75,45.389999,44.68,45.25,43.79,11592200
2018-07-18,45.189999,45.290001,44.84,45.119999,43.66,7351600
2018-07-19,44.990002,45.43,44.919998,45.110001,43.65,10097500
2018-07-20,45.02,45.279999,44.900002,45.279999,43.82,8588400
2018-07-23,45.279999,45.360001,44.77,44.950001,43.5,9055700
2018-07-24,44.779999,45.27,44.610001,45.259998,43.8,13786100
2018-07-25,46,46.580002,45.75,46.09,44.6,21330600
2018-07-26,46.360001,46.59,46.200001,46.240002,44.75,12673100
2018-07-27,46.32,46.5,46.060001,46.209999,44.72,10516900
2018-07-30,46.099998,46.439999,46.049999,46.23,44.74,8967900
2018-07-31,46.400002,46.669998,46.310001,46.630001,45.12,12438800
2018-08-01,46.450001,46.490002,46.169998,46.389999,44.89,9904100
2018-08-02,46.48,46.630001,46.18,46.18,44.69,12009700
2018-08-03,46.23,46.759998,46.139999,46.619999,45.12,11462800
2018-08-06,46.599998,46.869999,46.549999,46.650002,45.14,10056100
2018-08-07,46.52,46.610001,46.130001,46.5,45,8632900
2018-08-08,46.490002,46.560001,46.119999,46.150002,44.66,6810000
2018-08-09,46.25,46.419998,46.080002,46.349998,44.85,8924100
2018-08-10,46.209999,46.419998,45.970001,46.080002,44.59,7535400
2018-08-13,46.049999,46.130001,45.700001,45.830002,44.35,8143400
2018-08-14,45.91,46.099998,45.869999,45.889999,44.41,6846100
2018-08-15,45.77,46.150002,45.650002,46.080002,44.59,9686400
2018-08-16,46.110001,46.380001,45.970001,46.220001,44.73,10600700
2018-08-17,46.290001,46.73,46.240002,46.599998,45.1,8885700
2018-08-20,46.68,46.869999,46.59,46.73,45.22,6392000
2018-08-21,46.73,46.75,46.209999,46.220001,44.73,13986300
2018-08-22,46.34,46.380001,45.919998,45.93,44.45,7159100
2018-08-23,45.889999,46.080002,45.689999,45.700001,44.22,13144900
2018-08-24,45.650002,45.799999,45.580002,45.630001,44.16,10952900
2018-08-27,46.049999,46.049999,45.560001,45.689999,44.22,9581200
2018-08-28,45.650002,45.73,45.279999,45.369999,43.91,8476800
2018-08-29,45.25,45.419998,45.220001,45.330002,43.87,12410900
2018-08-30,45.279999,45.32,44.889999,44.950001,43.5,9716500
2018-08-31,45,45.07,44.389999,44.57,43.13,19834100
2018-09-04,44.599998,44.900002,44.509998,44.759998,43.32,11138500
2018-09-05,44.66,45.419998,44.66,45.380001,43.92,10554900
2018-09-06,45.400002,46,45.299999,45.77,44.29,11439400
2018-09-07,45.599998,45.82,45.279999,45.720001,44.24,10208100
2018-09-10,45.91,46.310001,45.799999,46.060001,44.57,8568900
2018-09-11,46.099998,46.150002,45.880001,46.02,44.53,9278300
2018-09-12,46.16,46.299999,46.02,46.240002,44.75,13216400
2018-09-13,46.009998,46.119999,45.709999,45.830002,44.73,8294800
2018-09-14,45.919998,46.029999,45.610001,45.990002,44.88,7612900
2018-09-17,46,46.330002,45.91,46.32,45.21,8527300
2018-09-18,46.389999,46.529999,45.93,45.93,44.83,9847400
2018-09-19,46,46.110001,45.869999,45.959999,44.85,7119000
2018-09-20,46.220001,46.68,46.150002,46.639999,45.52,9736700
2018-09-21,46.639999,46.689999,46.380001,46.580002,45.46,19240300
2018-09-24,46.490002,46.529999,45.84,46.07,44.96,10778900
2018-09-25,46.060001,46.18,45.610001,45.68,44.58,7919100
2018-09-26,45.77,46.07,45.57,45.849998,44.75,10162600
2018-09-27,45.73,46.18,45.68,46.009998,44.9,10826900
2018-09-28,46,46.189999,45.970001,46.189999,45.08,9071900
2018-10-01,46.169998,46.349998,46.049999,46.23,45.12,9364700
2018-10-02,46.279999,46.560001,46.060001,46.509998,45.39,7462700
2018-10-03,46.459999,46.549999,45.799999,45.869999,44.77,10542300
2018-10-04,45.66,45.900002,45.43,45.849998,44.75,9582300
2018-10-05,45.939999,46.16,45.689999,45.880001,44.78,8734100
2018-10-08,45.990002,46.580002,45.970001,46.48,45.36,9808100
2018-10-09,46.380001,46.549999,46.220001,46.389999,45.27,10824500
2018-10-10,46.299999,46.700001,45.669998,45.68,44.58,13917000
2018-10-11,45.799999,45.970001,44.5,44.639999,43.57,17677900
2018-10-12,44.48,44.880001,44.25,44.68,43.61,12420100
2018-10-15,44.639999,45.27,44.59,44.91,43.83,11608500
2018-10-16,45.02,45.599998,44.860001,45.490002,44.4,10442500
2018-10-17,45.41,45.990002,45.360001,45.860001,44.76,11055800
2018-10-18,45.900002,46.080002,45.459999,45.610001,44.51,12716900
2018-10-19,45.830002,46.490002,45.830002,46.330002,45.22,13989200
2018-10-22,46.369999,46.459999,45.810001,45.970001,44.86,14283600
2018-10-23,45.619999,46.459999,45.450001,46.360001,45.25,17483900
2018-10-24,46.330002,47.389999,46.240002,46.73,45.61,21626000
2018-10-25,46.650002,46.740002,46.119999,46.509998,45.39,14220200
2018-10-26,46.369999,46.48,45.43,45.919998,44.82,21458000
2018-10-29,46.150002,46.560001,46.049999,46.459999,45.34,20932200
2018-10-30,46.619999,47.740002,46.040001,47.630001,46.48,20895400
2018-10-31,47.5,48.080002,47.220001,47.880001,46.73,25309400
2018-11-01,47.810001,48.150002,47.299999,47.740002,46.59,16494500
2018-11-02,47.82,48,47.439999,48,46.85,17584900
2018-11-05,48,48.779999,47.919998,48.689999,47.52,16543500
2018-11-06,48.650002,49.130001,48.599998,49.110001,47.93,14373400
2018-11-07,49.389999,49.549999,49.029999,49.369999,48.18,12239700
2018-11-08,49.119999,49.369999,49.099998,49.330002,48.14,9762800
2018-11-09,49.389999,49.889999,49.360001,49.68,48.49,12398100
2018-11-12,49.610001,50.240002,49.540001,49.869999,48.67,13918300
2018-11-13,49.810001,50,49.580002,49.860001,48.66,13872900
2018-11-14,49.849998,49.939999,49.59,49.759998,48.56,12106800
2018-11-15,49.66,49.75,49.27,49.740002,48.54,12080100
2018-11-16,49.66,50.25,49.630001,50.169998,48.96,13405800
2018-11-19,50.310001,50.759998,50.25,50.509998,49.3,13575800
2018-11-20,50.82,50.84,49.209999,49.380001,48.19,16255300
2018-11-21,49.23,49.439999,48.59,48.73,47.56,13559200
2018-11-23,48.75,49.23,48.549999,49.02,47.84,4792500
2018-11-26,49.009998,49.23,48.669998,48.869999,47.69,9341900
2018-11-27,48.880001,49.41,48.73,49.369999,48.18,9180700
2018-11-28,49.209999,49.720001,49.209999,49.709999,48.51,11368700
2018-11-29,49.279999,49.43,48.970001,48.98,48.18,11564300
2018-11-30,49,50.490002,48.990002,50.400002,49.58,25538200
2018-12-03,49.869999,49.959999,48.889999,49.689999,48.88,14877200
2018-12-04,49.970001,50.509998,49.5,49.580002,48.77,19059900
2018-12-06,49.509998,49.630001,48.66,49.380001,48.57,17674900
2018-12-07,49.57,49.68,48.880001,49.09,48.29,15565700
2018-12-10,49.450001,49.450001,48.470001,49.240002,48.44,12331100
2018-12-11,49.59,50.009998,49.18,49.540001,48.73,18083600
2018-12-12,49.950001,50.02,49.189999,49.220001,48.42,12316900
2018-12-13,48.720001,49.610001,48.57,49.470001,48.66,13766200
2018-12-14,49.23,49.52,49.02,49.34,48.53,13835900
2018-12-17,49.34,49.529999,48.02,48.330002,47.54,18482700
2018-12-18,48.610001,48.830002,47.849998,48.32,47.53,14765700
2018-12-19,48.240002,48.759998,47.619999,47.900002,47.12,17903800
2018-12-20,47.810001,48.130001,47.099998,47.540001,46.76,21130000
2018-12-21,47.259998,48.75,47.23,47.57,46.79,32477700
2018-12-24,47.619999,47.869999,45.830002,45.959999,45.21,10733700
2018-12-26,45.880001,46.959999,45.66,46.939999,46.17,14342600
2018-12-27,46.740002,47.549999,46.029999,47.529999,46.75,16966500
2018-12-28,47.889999,48.009998,47.029999,47.200001,46.43,13218200
2018-12-31,47.490002,47.540001,46.959999,47.349998,46.58,10576300
2019-01-02,46.939999,47.220001,46.560001,46.93,46.16,11603700
2019-01-03,46.82,47.369999,46.529999,46.639999,45.88,14714400
2019-01-04,46.75,47.57,46.639999,47.57,46.79,13013700
2019-01-07,47.57,47.75,46.900002,46.950001,46.18,13135500
2019-01-08,47.25,47.57,47.040001,47.48,46.7,15420700
2019-01-09,47.080002,47.279999,46.43,46.57,45.81,18032500
2019-01-10,46.66,47.09,46.34,47.07,46.3,15976600
2019-01-11,47.290001,47.360001,46.970001,47.34,46.57,11088600
2019-01-14,47.25,47.400002,46.990002,47.150002,46.38,11514300
2019-01-15,46.889999,47.599998,46.810001,47.57,46.79,11342900
2019-01-16,47.400002,47.470001,46.860001,46.919998,46.15,16907800
2019-01-17,46.919998,47.139999,46.880001,47.060001,46.29,12044600
2019-01-18,47.25,47.689999,47.119999,47.610001,46.83,12760700
2019-01-22,47.700001,47.790001,47.209999,47.720001,46.94,11700400
2019-01-23,47.82,48.290001,47.650002,48.27,47.48,12058300
2019-01-24,48.110001,48.110001,47.380001,47.689999,46.91,10272000
2019-01-25,47.880001,48.029999,47.240002,47.369999,46.6,12066500
2019-01-28,47.220001,47.299999,46.939999,47.169998,46.4,9966900
2019-01-29,47.200001,47.630001,47.130001,47.400002,46.63,11998600
2019-01-30,47.25,47.889999,47.189999,47.860001,47.08,12952500
2019-01-31,47.849998,48.779999,47.470001,48.130001,47.34,32181500
2019-02-01,48.48,48.779999,48.400002,48.700001,47.9,19130100
2019-02-04,48.700001,49.450001,48.540001,49.25,48.45,15105700
2019-02-05,49.330002,49.470001,49.099998,49.259998,48.46,12651900
2019-02-06,49.209999,49.360001,49.02,49.259998,48.46,8689100
2019-02-07,49.169998,49.459999,49,49.419998,48.61,10047800
2019-02-08,49.369999,49.5,49.110001,49.5,48.69,9813300
2019-02-11,49.57,49.880001,49.48,49.610001,48.8,9369300
2019-02-12,49.689999,49.799999,49.459999,49.66,48.85,10983300
2019-02-13,49.610001,49.939999,49.560001,49.790001,48.98,12748800
2019-02-14,46.700001,46.959999,45.5,45.59,44.85,58905400
2019-02-15,45.900002,46.259998,45.200001,45.240002,44.5,35701600
2019-02-19,45.32,45.59,44.77,44.830002,44.1,25511300
2019-02-20,44.91,45.240002,44.799999,45.099998,44.36,27464000
2019-02-21,45,45.91,44.959999,45.860001,45.11,23121200
2019-02-22,45.759998,45.950001,45.200001,45.279999,44.54,24728400
2019-02-25,45.439999,45.57,44.84,44.939999,44.21,23774400
2019-02-26,45.099998,45.139999,44.66,44.689999,43.96,20463200
2019-02-27,44.599998,45.02,44.419998,44.939999,44.21,17827500
2019-02-28,45.119999,45.610001,45.110001,45.34,44.6,22533900
2019-03-01,45.470001,45.639999,45.200001,45.380001,44.64,16291600
2019-03-04,45.529999,45.669998,45.299999,45.650002,44.9,15973800
2019-03-05,45.650002,45.700001,45.400002,45.599998,44.86,13062300
2019-03-06,45.669998,45.790001,45.439999,45.450001,44.71,14232100
2019-03-07,45.490002,45.529999,45.130001,45.279999,44.54,12084000
2019-03-08,45.150002,45.25,44.610001,44.84,44.11,15579100
2019-03-11,45.139999,46.240002,45.099998,46.18,45.43,22126900
2019-03-12,45.950001,46.25,45.900002,46.049999,45.3,19348500
2019-03-13,46.130001,46.34,45.91,46.220001,45.47,16222500
2019-03-14,45.84,46.110001,45.630001,45.700001,45.35,18504100
2019-03-15,45.720001,45.900002,45.139999,45.299999,44.95,47254500
2019-03-18,45.43,45.68,45.360001,45.41,45.06,24006400
2019-03-19,45.549999,45.689999,45.34,45.560001,45.21,14987000
2019-03-20,45.400002,45.900002,45.18,45.529999,45.18,13376100
2019-03-21,45.529999,45.759998,45.439999,45.509998,45.16,20043000
2019-03-22,45.459999,46.110001,45.459999,45.93,45.57,19055900
2019-03-25,45.860001,46.200001,45.790001,46.029999,45.67,11668200
2019-03-26,46.169998,46.790001,46.169998,46.639999,46.28,11434900
2019-03-27,46.650002,46.91,46.330002,46.610001,46.25,11543600
2019-03-28,46.68,46.919998,46.48,46.580002,46.22,11121100
2019-03-29,46.669998,46.91,46.48,46.860001,46.5,16045600
2019-04-01,46.990002,47.169998,46.59,46.720001,46.36,11522700
2019-04-02,46.75,46.93,46.57,46.57,46.21,8495000
2019-04-03,46.419998,46.59,46.040001,46.18,45.82,12854500
2019-04-04,46.34,46.540001,46.110001,46.48,46.12,7814900
2019-04-05,46.490002,46.580002,46.200001,46.470001,46.11,7677600
2019-04-08,46.540001,46.57,46.27,46.549999,46.19,9421300
2019-04-09,46.450001,46.720001,46.27,46.669998,46.31,8641800
2019-04-10,46.84,47,46.560001,46.639999,46.28,8059900
2019-04-11,46.720001,46.75,46.540001,46.709999,46.35,7352400
2019-04-12,46.669998,46.93,46.57,46.740002,46.38,10690000
2019-04-15,46.880001,47.040001,46.700001,47,46.64,10261300
2019-04-16,47.049999,47.099998,46.700001,46.950001,46.59,10804600
2019-04-17,47.200001,47.549999,47.150002,47.279999,46.91,11849300
2019-04-18,47.330002,47.580002,47.27,47.48,47.11,12167000
2019-04-22,47.400002,47.610001,47.02,47.400002,47.03,9834700
2019-04-23,48.09,48.720001,47.549999,48.209999,47.84,25327800
2019-04-24,48.029999,48.23,47.919998,47.98,47.61,15997300
2019-04-25,47.740002,47.889999,47.470001,47.84,47.47,11444400
2019-04-26,47.990002,48.450001,47.98,48.259998,47.89,10154300
2019-04-29,48.169998,48.450001,48.110001,48.419998,48.04,9731500
2019-04-30,48.529999,49.18,48.389999,49.060001,48.68,17912900
2019-05-01,48.950001,49.080002,48.549999,48.59,48.21,10551200
2019-05-02,48.529999,48.77,48.27,48.389999,48.02,8724600
2019-05-03,48.599998,48.959999,48.52,48.720001,48.34,7076900
2019-05-06,48.330002,48.610001,48.259998,48.470001,48.09,8657800
2019-05-07,48.23,48.290001,47.77,48,47.63,12487500
2019-05-08,48.049999,48.23,47.82,47.849998,47.48,9281400
2019-05-09,47.799999,47.98,47.07,47.400002,47.03,11450500
2019-05-10,47.41,48.299999,47.400002,48.189999,47.82,9653800
2019-05-13,47.91,48.130001,47.73,48.049999,47.68,11911500
2019-05-14,48.529999,49.32,48.349998,48.689999,48.31,16844200
2019-05-15,48.669998,49.380001,48.599998,49.18,48.8,11422500
2019-05-16,49.27,49.66,49.209999,49.580002,49.2,17771300
2019-05-17,49.27,49.549999,49.169998,49.200001,48.82,11257000
2019-05-20,49.040001,49.139999,48.759998,48.849998,48.47,13850500
2019-05-21,49,49.029999,48.450001,48.599998,48.22,10587400
2019-05-22,48.779999,49.709999,48.720001,49.650002,49.27,16050400
2019-05-23,49.5,49.900002,49.459999,49.849998,49.46,12199400
2019-05-24,49.82,49.889999,49.529999,49.610001,49.23,6887600
2019-05-28,49.599998,49.669998,49.029999,49.099998,48.72,18614000
2019-05-29,48.740002,49.029999,48.41,48.610001,48.23,12534600
2019-05-30,48.720001,49.310001,48.669998,49.25,48.87,9087200
2019-05-31,49,49.310001,48.779999,49.130001,48.75,11368600
2019-06-03,49.16,49.98,49.02,49.98,49.59,14167200
2019-06-04,50,50.279999,49.619999,50,49.61,12010600
2019-06-05,50.009998,51.139999,49.689999,50.779999,50.39,15837600
2019-06-06,50.91,51.540001,50.59,51.400002,51,15190400
2019-06-07,51.470001,52.189999,51.450001,51.490002,51.09,15293600
2019-06-10,51.540001,51.540001,51.09,51.380001,50.98,9737400
2019-06-11,51.450001,51.59,51.18,51.330002,50.93,9915600
2019-06-12,51.5,52.139999,51.470001,51.639999,51.24,11088100
2019-06-13,51.459999,51.700001,50.779999,51.130001,51.13,10353600
2019-06-14,51.049999,51.529999,51.049999,51.310001,51.31,8694300
2019-06-17,51.25,51.48,50.610001,50.869999,50.87,12322400
2019-06-18,51.25,51.299999,50.529999,50.639999,50.64,9221100
2019-06-19,50.540001,51.240002,50.470001,51.119999,51.12,9414100
2019-06-20,51.5,51.790001,51.349998,51.66,51.66,10656600
2019-06-21,51.529999,51.889999,51.41,51.549999,51.55,21264400
2019-06-24,51.740002,52.200001,51.700001,51.919998,51.92,10780000
2019-06-25,52,52.099998,51.639999,51.759998,51.76,11519900
2019-06-26,51.52,51.639999,51.09,51.119999,51.12,12405100
2019-06-27,51.290001,51.400002,50.970001,51.080002,51.08,12374900
2019-06-28,51.27,51.400002,50.52,50.919998,50.92,16339900
2019-07-01,51.07,51.630001,50.779999,51.599998,51.6,14976400
2019-07-02,51.779999,52.049999,51.549999,51.98,51.98,8569200
2019-07-03,52,52.330002,52,52.099998,52.1,7253700
2019-07-05,51.889999,52.119999,51.48,52.110001,52.11,8916300
2019-07-08,52.200001,52.330002,51.889999,52,52,9495100
2019-07-09,51.720001,51.970001,51.43,51.59,51.59,10584900
2019-07-10,51.799999,51.970001,51.66,51.82,51.82,7620900
2019-07-11,51.990002,52.060001,51.66,52.040001,52.04,10376500
2019-07-12,52.25,52.290001,51.91,52.119999,52.12,7347400
2019-07-15,52.279999,52.290001,51.869999,52.130001,52.13,5876100
2019-07-16,51.959999,52.470001,51.810001,52.139999,52.14,7132500
2019-07-17,52.220001,52.259998,52.009998,52.18,52.18,8264200
2019-07-18,52.040001,52.169998,51.669998,52.029999,52.03,11912300
2019-07-19,52.139999,52.150002,51.369999,51.389999,51.39,10355500
2019-07-22,51.52,51.52,51.130001,51.220001,51.22,12090700
2019-07-23,53.25,54.639999,52.759998,54.330002,54.33,33417900
2019-07-24,54.119999,54.82,53.619999,53.779999,53.78,15633400
2019-07-25,53.630001,53.799999,52.720001,53.07,53.07,19135000
2019-07-26,53.34,54.310001,53.189999,54.169998,54.17,11451900
2019-07-29,54.169998,54.299999,53.900002,53.990002,53.99,12283900
2019-07-30,53.959999,54.299999,53.57,53.720001,53.72,8127100
2019-07-31,53.509998,53.509998,52.040001,52.630001,52.63,16865500
2019-08-01,52.779999,53.200001,52.009998,52.029999,52.03,19527200
2019-08-02,51.91,52.73,51.91,52.330002,52.33,13102300
2019-08-05,52.389999,52.66,51.400002,51.650002,51.65,19986500
2019-08-06,51.869999,52.759998,51.610001,52.27,52.27,19903100
2019-08-07,52.27,53.389999,51.77,53.18,53.18,17937000
2019-08-08,53.209999,53.779999,52.849998,53.689999,53.69,10799000
2019-08-09,53.790001,53.900002,53.080002,53.419998,53.42,9260900
2019-08-12,53.279999,53.439999,52.990002,53.200001,53.2,4778600
2019-08-13,52.900002,53.610001,52.869999,53.5,53.5,8581200
2019-08-14,53.34,53.970001,52.970001,52.990002,52.99,17088900
2019-08-15,53.43,54,53.23,53.869999,53.87,12393200
2019-08-16,53.98,54.490002,53.950001,54.41,54.41,14288700
2019-08-19,54.439999,54.779999,54.310001,54.689999,54.69,10936200
2019-08-20,54.619999,54.68,53.84,53.880001,53.88,8176700
2019-08-21,54.25,54.41,53.849998,54.099998,54.1,10886500
2019-08-22,54.119999,54.639999,54.099998,54.490002,54.49,7467900
2019-08-23,54.419998,54.709999,53.389999,53.740002,53.74,14160400
2019-08-26,54,54.540001,53.73,54.540001,54.54,9226900
2019-08-27,54.700001,54.950001,54.41,54.720001,54.72,13537000
2019-08-28,54.66,55.150002,54.419998,55.110001,55.11,10046400
2019-08-29,55.259998,55.34,54.599998,55.049999,55.05,9262800
2019-08-30,55.16,55.220001,54.810001,55.040001,55.04,8746700
2019-09-03,54.98,55.330002,54.869999,55.299999,55.3,12991400
2019-09-04,55.349998,55.919998,55.299999,55.77,55.77,10718100